GROUP,PACKAGE,CLASS,INSTRUCTION_MISSED,INSTRUCTION_COVERED,BRANCH_MISSED,BRANCH_COVERED,LINE_MISSED,LINE_COVERED,COMPLEXITY_MISSED,COMPLEXITY_COVERED,METHOD_MISSED,METHOD_COVERED
Apache PDFBox,org.apache.pdfbox.pdfwriter.compress,CompressParameters,10,27,2,2,2,9,3,4,1,4
Apache PDFBox,org.apache.pdfbox.pdfwriter.compress,COSWriterCompressionPool,426,0,90,0,100,0,58,0,13,0
Apache PDFBox,org.apache.pdfbox.pdfwriter.compress,COSObjectPool,138,0,20,0,29,0,17,0,7,0
Apache PDFBox,org.apache.pdfbox.pdfwriter.compress,COSWriterObjectStream.DirectAccessByteArrayOutputStream,9,0,0,0,2,0,2,0,2,0
Apache PDFBox,org.apache.pdfbox.pdfwriter.compress,COSWriterObjectStream,469,0,54,0,126,0,42,0,15,0
Apache PDFBox,org.apache.pdfbox.pdmodel.interactive.digitalsignature.visible,PDFTemplateCreator,241,0,0,0,58,0,5,0,5,0
Apache PDFBox,org.apache.pdfbox.pdmodel.interactive.digitalsignature.visible,PDVisibleSigBuilder,666,0,2,0,181,0,33,0,32,0
Apache PDFBox,org.apache.pdfbox.pdmodel.interactive.digitalsignature.visible,PDVisibleSignDesigner,716,0,6,0,128,0,44,0,40,0
Apache PDFBox,org.apache.pdfbox.pdmodel.interactive.digitalsignature.visible,PDVisibleSigProperties,82,0,0,0,29,0,18,0,18,0
Apache PDFBox,org.apache.pdfbox.pdmodel.interactive.digitalsignature.visible,PDFTemplateStructure,192,0,0,0,82,0,55,0,55,0
Apache PDFBox,org.apache.pdfbox.pdfwriter,COSWriter,1277,1437,159,129,255,380,128,77,18,43
Apache PDFBox,org.apache.pdfbox.pdfwriter,ContentStreamWriter,347,0,34,0,83,0,26,0,9,0
Apache PDFBox,org.apache.pdfbox.pdfwriter,COSStandardOutputStream,17,91,0,2,5,25,2,10,2,9
Apache PDFBox,org.apache.pdfbox.pdmodel.interactive.form,PDComboBox,48,0,2,0,14,0,6,0,5,0
Apache PDFBox,org.apache.pdfbox.pdmodel.interactive.form,PDTerminalField,212,0,26,0,57,0,23,0,10,0
Apache PDFBox,org.apache.pdfbox.pdmodel.interactive.form,PDFieldTree,23,0,2,0,7,0,4,0,3,0
Apache PDFBox,org.apache.pdfbox.pdmodel.interactive.form,PDFieldFactory,176,0,32,0,35,0,20,0,4,0
Apache PDFBox,org.apache.pdfbox.pdmodel.interactive.form,PDListBox,39,0,2,0,12,0,6,0,5,0
Apache PDFBox,org.apache.pdfbox.pdmodel.interactive.form,PDChoice,367,0,42,0,93,0,48,0,27,0
Apache PDFBox,org.apache.pdfbox.pdmodel.interactive.form,PDAcroForm,963,0,120,0,227,0,105,0,45,0
Apache PDFBox,org.apache.pdfbox.pdmodel.interactive.form,FieldUtils.KeyValue,21,0,0,0,7,0,4,0,4,0
Apache PDFBox,org.apache.pdfbox.pdmodel.interactive.form,AppearanceGeneratorHelper,1786,0,190,0,413,0,122,0,26,0
Apache PDFBox,org.apache.pdfbox.pdmodel.interactive.form,PDVariableText,160,0,20,0,45,0,22,0,12,0
Apache PDFBox,org.apache.pdfbox.pdmodel.interactive.form,PDDefaultAppearanceString,252,0,31,0,80,0,32,0,15,0
Apache PDFBox,org.apache.pdfbox.pdmodel.interactive.form,PDField,366,0,48,0,90,0,49,0,25,0
Apache PDFBox,org.apache.pdfbox.pdmodel.interactive.form,FieldUtils,129,0,20,0,28,0,15,0,5,0
Apache PDFBox,org.apache.pdfbox.pdmodel.interactive.form,PDCheckBox,70,0,10,0,20,0,11,0,6,0
Apache PDFBox,org.apache.pdfbox.pdmodel.interactive.form,PDNonTerminalField,222,0,24,0,58,0,28,0,16,0
Apache PDFBox,org.apache.pdfbox.pdmodel.interactive.form,PDPushButton,39,0,4,0,14,0,11,0,9,0
Apache PDFBox,org.apache.pdfbox.pdmodel.interactive.form,PDButton,412,0,62,0,115,0,50,0,19,0
Apache PDFBox,org.apache.pdfbox.pdmodel.interactive.form,PDTextField,156,0,0,0,40,0,24,0,24,0
Apache PDFBox,org.apache.pdfbox.pdmodel.interactive.form,PDRadioButton,101,0,10,0,28,0,11,0,6,0
Apache PDFBox,org.apache.pdfbox.pdmodel.interactive.form,PDSignatureField,183,0,24,0,44,0,27,0,15,0
Apache PDFBox,org.apache.pdfbox.pdmodel.interactive.form,PDXFAResource,77,0,8,0,19,0,10,0,6,0
Apache PDFBox,org.apache.pdfbox.pdmodel.interactive.form,PDFieldTree.FieldIterator,100,0,12,0,25,0,11,0,5,0
Apache PDFBox,org.apache.pdfbox.contentstream.operator.state,SetLineMiterLimit,33,0,4,0,10,0,5,0,3,0
Apache PDFBox,org.apache.pdfbox.contentstream.operator.state,SetLineWidth,33,0,4,0,10,0,5,0,3,0
Apache PDFBox,org.apache.pdfbox.contentstream.operator.state,Concatenate,75,0,4,0,17,0,5,0,3,0
Apache PDFBox,org.apache.pdfbox.contentstream.operator.state,SetMatrix,79,0,4,0,19,0,5,0,3,0
Apache PDFBox,org.apache.pdfbox.contentstream.operator.state,SetGraphicsStateParameters,52,0,6,0,17,0,7,0,4,0
Apache PDFBox,org.apache.pdfbox.contentstream.operator.state,SetLineJoinStyle,33,0,4,0,10,0,5,0,3,0
Apache PDFBox,org.apache.pdfbox.contentstream.operator.state,SetLineCapStyle,33,0,4,0,10,0,5,0,3,0
Apache PDFBox,org.apache.pdfbox.contentstream.operator.state,SetFlatness,34,0,4,0,10,0,5,0,3,0
Apache PDFBox,org.apache.pdfbox.contentstream.operator.state,SetRenderingIntent,33,0,4,0,11,0,5,0,3,0
Apache PDFBox,org.apache.pdfbox.contentstream.operator.state,SetLineDashPattern,84,0,12,0,26,0,10,0,4,0
Apache PDFBox,org.apache.pdfbox.contentstream.operator.state,EmptyGraphicsStackException,4,0,0,0,2,0,1,0,1,0
Apache PDFBox,org.apache.pdfbox.contentstream.operator.state,Restore,21,0,2,0,8,0,4,0,3,0
Apache PDFBox,org.apache.pdfbox.contentstream.operator.state,Save,10,0,0,0,5,0,3,0,3,0
Apache PDFBox,org.apache.pdfbox.pdfparser,EndstreamFilterStream,182,0,40,0,40,0,23,0,3,0
Apache PDFBox,org.apache.pdfbox.pdfparser,XrefParser,527,599,85,47,137,135,65,16,4,11
Apache PDFBox,org.apache.pdfbox.pdfparser,XrefTrailerResolver.XRefType,0,15,0,0,0,3,0,1,0,1
Apache PDFBox,org.apache.pdfbox.pdfparser,PDFXrefStreamParser,322,0,36,0,59,0,24,0,6,0
Apache PDFBox,org.apache.pdfbox.pdfparser,BaseParser,286,372,62,62,71,109,50,41,3,22
Apache PDFBox,org.apache.pdfbox.pdfparser,PDFXrefStreamParser.ObjectNumbers,183,0,20,0,36,0,13,0,3,0
Apache PDFBox,org.apache.pdfbox.pdfparser,COSParser,1511,1566,309,159,337,353,222,72,15,41
Apache PDFBox,org.apache.pdfbox.pdfparser,PDFObjectStreamParser,338,0,44,0,76,0,28,0,6,0
Apache PDFBox,org.apache.pdfbox.pdfparser,BruteForceParser,1636,0,226,0,371,0,136,0,23,0
Apache PDFBox,org.apache.pdfbox.pdfparser,FDFParser,57,0,8,0,17,0,7,0,3,0
Apache PDFBox,org.apache.pdfbox.pdfparser,PDFXRefStream,483,0,48,0,98,0,34,0,10,0
Apache PDFBox,org.apache.pdfbox.pdfparser,XrefTrailerResolver.XrefTrailerObj,4,14,0,0,2,5,1,1,1,1
Apache PDFBox,org.apache.pdfbox.pdfparser,PDFParser,59,80,12,6,15,23,14,6,5,6
Apache PDFBox,org.apache.pdfbox.pdfparser,XrefTrailerResolver,169,173,25,13,46,40,24,11,6,10
Apache PDFBox,org.apache.pdfbox.pdfparser,PDFStreamParser,788,0,187,0,175,0,109,0,11,0
Apache PDFBox,org.apache.pdfbox.text,PDFTextStripper,2378,0,328,0,625,0,258,0,94,0
Apache PDFBox,org.apache.pdfbox.text,TextPosition,1393,0,172,0,277,0,127,0,41,0
Apache PDFBox,org.apache.pdfbox.text,PDFTextStripper.PositionWrapper,62,0,0,0,25,0,12,0,12,0
Apache PDFBox,org.apache.pdfbox.text,TextPositionComparator,73,0,14,0,16,0,9,0,2,0
Apache PDFBox,org.apache.pdfbox.text,PDFMarkedContentExtractor,237,0,28,0,62,0,26,0,12,0
Apache PDFBox,org.apache.pdfbox.text,PDFTextStripper.WordWithTextPositions,15,0,0,0,6,0,3,0,3,0
Apache PDFBox,org.apache.pdfbox.text,PDFTextStripperByArea,171,0,8,0,40,0,14,0,10,0
Apache PDFBox,org.apache.pdfbox.text,PDFTextStripper.LineItem,29,0,2,0,10,0,7,0,6,0
Apache PDFBox,org.apache.pdfbox.text,LegacyPDFStreamEngine,549,0,52,0,121,0,32,0,6,0
Apache PDFBox,org.apache.pdfbox.pdmodel.common,COSDictionaryMap,225,0,20,0,55,0,29,0,19,0
Apache PDFBox,org.apache.pdfbox.pdmodel.common,COSArrayList,651,0,76,0,149,0,74,0,36,0
Apache PDFBox,org.apache.pdfbox.pdmodel.common,PDPageLabelRange,77,0,6,0,24,0,13,0,10,0
Apache PDFBox,org.apache.pdfbox.pdmodel.common,PDImmutableRectangle,20,5,0,0,4,2,4,1,4,1
Apache PDFBox,org.apache.pdfbox.pdmodel.common,PDPageLabels.LabelGenerator,341,0,26,0,45,0,23,0,8,0
Apache PDFBox,org.apache.pdfbox.pdmodel.common,PDTypedDictionaryWrapper,17,0,0,0,6,0,3,0,3,0
Apache PDFBox,org.apache.pdfbox.pdmodel.common,PDStream,372,0,30,0,100,0,46,0,31,0
Apache PDFBox,org.apache.pdfbox.pdmodel.common,PDRectangle,352,100,14,0,72,16,26,4,19,4
Apache PDFBox,org.apache.pdfbox.pdmodel.common,PDNameTreeNode,509,0,60,0,130,0,49,0,19,0
Apache PDFBox,org.apache.pdfbox.pdmodel.common,PDPageLabels,266,0,22,0,72,0,26,0,15,0
Apache PDFBox,org.apache.pdfbox.pdmodel.common,PDNumberTreeNode,507,0,58,0,121,0,44,0,15,0
Apache PDFBox,org.apache.pdfbox.pdmodel.common,PDDictionaryWrapper,38,0,4,0,13,0,7,0,5,0
Apache PDFBox,org.apache.pdfbox.pdmodel.common,PDMetadata,43,0,0,0,14,0,5,0,5,0
Apache PDFBox,org.apache.pdfbox.pdmodel.common,PDObjectStream,69,0,2,0,17,0,10,0,9,0
Apache PDFBox,org.apache.pdfbox.pdmodel.common,PDRange,98,0,0,0,24,0,10,0,10,0
Apache PDFBox,org.apache.pdfbox.pdmodel.graphics.state,PDGraphicsState,509,0,18,0,152,0,70,0,61,0
Apache PDFBox,org.apache.pdfbox.pdmodel.graphics.state,RenderingIntent,67,0,4,0,13,0,6,0,4,0
Apache PDFBox,org.apache.pdfbox.pdmodel.graphics.state,RenderingMode,124,0,24,0,18,0,19,0,7,0
Apache PDFBox,org.apache.pdfbox.pdmodel.graphics.state,PDTextState,97,0,0,0,38,0,20,0,20,0
Apache PDFBox,org.apache.pdfbox.pdmodel.graphics.state,PDSoftMask,149,0,20,0,44,0,22,0,12,0
Apache PDFBox,org.apache.pdfbox.pdmodel.graphics.state,PDExtendedGraphicsState,660,0,84,0,166,0,91,0,49,0
Apache PDFBox,org.apache.pdfbox.pdmodel.fixup,AbstractFixup,6,0,0,0,3,0,1,0,1,0
Apache PDFBox,org.apache.pdfbox.pdmodel.fixup,AcroFormDefaultFixup,38,0,6,0,9,0,5,0,2,0
Apache PDFBox,org.apache.pdfbox.pdmodel.documentinterchange.prepress,PDBoxStyle,128,0,8,0,34,0,15,0,11,0
Apache PDFBox,org.apache.pdfbox.pdmodel.interactive,PlainText,90,0,6,0,16,0,7,0,4,0
Apache PDFBox,org.apache.pdfbox.pdmodel.interactive,PlainText.Paragraph,209,0,22,0,52,0,14,0,3,0
Apache PDFBox,org.apache.pdfbox.pdmodel.interactive,AppearanceStyle,35,0,0,0,13,0,7,0,7,0
Apache PDFBox,org.apache.pdfbox.pdmodel.interactive,PlainTextFormatter,288,0,29,0,65,0,19,0,3,0
Apache PDFBox,org.apache.pdfbox.pdmodel.interactive,PlainText.Line,102,0,6,0,22,0,10,0,7,0
Apache PDFBox,org.apache.pdfbox.pdmodel.interactive,TextAlign,66,0,4,0,10,0,6,0,4,0
Apache PDFBox,org.apache.pdfbox.pdmodel.interactive,PlainText.Word,16,0,0,0,7,0,4,0,4,0
Apache PDFBox,org.apache.pdfbox.pdmodel.interactive,PlainText.TextAttribute,10,0,0,0,3,0,2,0,2,0
Apache PDFBox,org.apache.pdfbox.pdmodel.interactive,PlainTextFormatter.Builder,65,0,0,0,24,0,9,0,9,0
Apache PDFBox,org.apache.pdfbox.pdmodel.documentinterchange.markedcontent,PDPropertyList,44,0,4,0,13,0,6,0,4,0
Apache PDFBox,org.apache.pdfbox.pdmodel.documentinterchange.markedcontent,PDMarkedContent,121,0,14,0,28,0,21,0,14,0
Apache PDFBox,org.apache.pdfbox.pdmodel,PDDocumentInformation,175,0,10,0,48,0,30,0,25,0
Apache PDFBox,org.apache.pdfbox.pdmodel,PDEmbeddedFilesNameTreeNode,30,0,4,0,8,0,6,0,4,0
Apache PDFBox,org.apache.pdfbox.pdmodel,PDPageTree.PageIterator,141,0,20,0,30,0,16,0,6,0
Apache PDFBox,org.apache.pdfbox.pdmodel,DefaultResourceCache,697,111,98,0,121,24,78,1,29,1
Apache PDFBox,org.apache.pdfbox.pdmodel,PDDocumentNameDestinationDictionary,37,0,6,0,12,0,6,0,3,0
Apache PDFBox,org.apache.pdfbox.pdmodel,PDStructureElementNameTreeNode,30,0,4,0,8,0,6,0,4,0
Apache PDFBox,org.apache.pdfbox.pdmodel,DefaultResourceCacheCreateImpl,0,16,0,0,0,6,0,3,0,3
Apache PDFBox,org.apache.pdfbox.pdmodel,PDDocumentCatalog,619,23,68,0,146,6,78,3,44,3
Apache PDFBox,org.apache.pdfbox.pdmodel,PDPageContentStream.AppendMode,35,0,4,0,6,0,5,0,3,0
Apache PDFBox,org.apache.pdfbox.pdmodel,PDDocumentNameDictionary,112,0,10,0,28,0,14,0,9,0
Apache PDFBox,org.apache.pdfbox.pdmodel,PageMode,84,0,4,0,15,0,6,0,4,0
Apache PDFBox,org.apache.pdfbox.pdmodel,PDJavascriptNameTreeNode,27,0,2,0,8,0,5,0,4,0
Apache PDFBox,org.apache.pdfbox.pdmodel,MissingResourceException,4,0,0,0,2,0,1,0,1,0
Apache PDFBox,org.apache.pdfbox.pdmodel,PDPageContentStream,187,0,20,0,51,0,22,0,12,0
Apache PDFBox,org.apache.pdfbox.pdmodel,PDAbstractContentStream,2124,0,244,0,526,0,206,0,84,0
Apache PDFBox,org.apache.pdfbox.pdmodel,PDResources,846,0,162,0,217,0,127,0,46,0
Apache PDFBox,org.apache.pdfbox.pdmodel,PDDocument,1157,229,146,16,311,57,121,18,42,16
Apache PDFBox,org.apache.pdfbox.pdmodel,PDFormContentStream,9,0,0,0,2,0,1,0,1,0
Apache PDFBox,org.apache.pdfbox.pdmodel,PDDestinationNameTreeNode,33,0,4,0,12,0,6,0,4,0
Apache PDFBox,org.apache.pdfbox.pdmodel,PDPage,1004,36,106,0,236,10,107,4,54,4
Apache PDFBox,org.apache.pdfbox.pdmodel,PageLayout,84,0,4,0,15,0,6,0,4,0
Apache PDFBox,org.apache.pdfbox.pdmodel,PDPatternContentStream,9,0,0,0,2,0,1,0,1,0
Apache PDFBox,org.apache.pdfbox.pdmodel,PDAppearanceContentStream,220,0,46,0,63,0,35,0,10,0
Apache PDFBox,org.apache.pdfbox.pdmodel,PDPageTree,596,66,76,6,147,18,58,6,19,4
Apache PDFBox,org.apache.pdfbox.pdmodel,PDPageTree.SearchContext,26,0,2,0,7,0,3,0,2,0
Apache PDFBox,org.apache.pdfbox.pdmodel,ResourceCacheFactory,6,16,1,1,2,6,3,3,2,3
Apache PDFBox,org.apache.pdfbox.pdmodel.graphics.shading,PDMeshBasedShadingType,457,0,43,0,104,0,28,0,5,0
Apache PDFBox,org.apache.pdfbox.pdmodel.graphics.shading,Type7ShadingContext,9,0,0,0,2,0,1,0,1,0
Apache PDFBox,org.apache.pdfbox.pdmodel.graphics.shading,PatchMeshesShadingContext,80,0,6,0,16,0,7,0,4,0
Apache PDFBox,org.apache.pdfbox.pdmodel.graphics.shading,Type6ShadingContext,9,0,0,0,2,0,1,0,1,0
Apache PDFBox,org.apache.pdfbox.pdmodel.graphics.shading,Vertex,58,0,4,0,10,0,4,0,2,0
Apache PDFBox,org.apache.pdfbox.pdmodel.graphics.shading,ShadedTriangle,701,0,35,0,79,0,29,0,11,0
Apache PDFBox,org.apache.pdfbox.pdmodel.graphics.shading,Type5ShadingPaint,42,0,0,0,8,0,4,0,4,0
Apache PDFBox,org.apache.pdfbox.pdmodel.graphics.shading,Type6ShadingPaint,42,0,0,0,8,0,4,0,4,0
Apache PDFBox,org.apache.pdfbox.pdmodel.graphics.shading,Patch,502,0,34,0,57,0,27,0,10,0
Apache PDFBox,org.apache.pdfbox.pdmodel.graphics.shading,Type4ShadingContext,33,0,0,0,8,0,2,0,2,0
Apache PDFBox,org.apache.pdfbox.pdmodel.graphics.shading,PDTriangleBasedShadingType,389,0,32,0,72,0,30,0,14,0
Apache PDFBox,org.apache.pdfbox.pdmodel.graphics.shading,Type5ShadingContext,23,0,0,0,6,0,2,0,2,0
Apache PDFBox,org.apache.pdfbox.pdmodel.graphics.shading,Type1ShadingContext,272,0,20,0,52,0,16,0,6,0
Apache PDFBox,org.apache.pdfbox.pdmodel.graphics.shading,RadialShadingContext,715,0,62,0,111,0,42,0,11,0
Apache PDFBox,org.apache.pdfbox.pdmodel.graphics.shading,CoonsPatch,793,0,38,0,82,0,27,0,8,0
Apache PDFBox,org.apache.pdfbox.pdmodel.graphics.shading,TensorPatch,829,0,76,0,101,0,49,0,11,0
Apache PDFBox,org.apache.pdfbox.pdmodel.graphics.shading,GouraudShadingContext,67,0,4,0,15,0,7,0,5,0
Apache PDFBox,org.apache.pdfbox.pdmodel.graphics.shading,RadialShadingPaint,42,0,0,0,8,0,4,0,4,0
Apache PDFBox,org.apache.pdfbox.pdmodel.graphics.shading,PDShading,399,0,42,0,105,0,45,0,21,0
Apache PDFBox,org.apache.pdfbox.pdmodel.graphics.shading,PDShadingType4,381,0,29,0,69,0,22,0,7,0
Apache PDFBox,org.apache.pdfbox.pdmodel.graphics.shading,PDShadingType3,12,0,0,0,4,0,3,0,3,0
Apache PDFBox,org.apache.pdfbox.pdmodel.graphics.shading,PDShadingType2,84,0,6,0,25,0,12,0,9,0
Apache PDFBox,org.apache.pdfbox.pdmodel.graphics.shading,PDShadingType1,81,0,4,0,19,0,9,0,7,0
Apache PDFBox,org.apache.pdfbox.pdmodel.graphics.shading,PDShadingType7,24,0,0,0,6,0,5,0,5,0
Apache PDFBox,org.apache.pdfbox.pdmodel.graphics.shading,PDShadingType6,24,0,0,0,6,0,5,0,5,0
Apache PDFBox,org.apache.pdfbox.pdmodel.graphics.shading,PDShadingType5,337,0,26,0,66,0,20,0,7,0
Apache PDFBox,org.apache.pdfbox.pdmodel.graphics.shading,Type1ShadingPaint,41,0,0,0,8,0,4,0,4,0
Apache PDFBox,org.apache.pdfbox.pdmodel.graphics.shading,ShadingContext,96,0,2,0,23,0,9,0,8,0
Apache PDFBox,org.apache.pdfbox.pdmodel.graphics.shading,AxialShadingPaint,42,0,0,0,8,0,4,0,4,0
Apache PDFBox,org.apache.pdfbox.pdmodel.graphics.shading,Type7ShadingPaint,42,0,0,0,8,0,4,0,4,0
Apache PDFBox,org.apache.pdfbox.pdmodel.graphics.shading,ShadingPaint,15,0,0,0,6,0,3,0,3,0
Apache PDFBox,org.apache.pdfbox.pdmodel.graphics.shading,CubicBezierCurve,231,0,8,0,31,0,9,0,5,0
Apache PDFBox,org.apache.pdfbox.pdmodel.graphics.shading,TriangleBasedShadingContext,442,0,40,0,67,0,28,0,8,0
Apache PDFBox,org.apache.pdfbox.pdmodel.graphics.shading,AxialShadingContext,486,0,32,0,87,0,26,0,10,0
Apache PDFBox,org.apache.pdfbox.pdmodel.graphics.shading,Line,243,0,22,0,38,0,14,0,3,0
Apache PDFBox,org.apache.pdfbox.pdmodel.graphics.shading,CoordinateColorPair,11,0,0,0,4,0,1,0,1,0
Apache PDFBox,org.apache.pdfbox.pdmodel.graphics.shading,Type4ShadingPaint,42,0,0,0,8,0,4,0,4,0
Apache PDFBox,org.apache.pdfbox.contentstream.operator.markedcontent,EndMarkedContentSequence,10,0,0,0,5,0,3,0,3,0
Apache PDFBox,org.apache.pdfbox.contentstream.operator.markedcontent,MarkedContentPointWithProperties,66,0,12,0,22,0,9,0,3,0
Apache PDFBox,org.apache.pdfbox.contentstream.operator.markedcontent,BeginMarkedContentSequenceWithProperties,66,0,12,0,22,0,9,0,3,0
Apache PDFBox,org.apache.pdfbox.contentstream.operator.markedcontent,MarkedContentPoint,31,0,4,0,10,0,5,0,3,0
Apache PDFBox,org.apache.pdfbox.contentstream.operator.markedcontent,BeginMarkedContentSequence,31,0,4,0,10,0,5,0,3,0
Apache PDFBox,org.apache.pdfbox.contentstream.operator.markedcontent,DrawObject,71,0,10,0,23,0,9,0,4,0
Apache PDFBox,org.apache.pdfbox.pdmodel.graphics.color,PDCIEBasedColorSpace,100,0,4,0,20,0,6,0,4,0
Apache PDFBox,org.apache.pdfbox.pdmodel.graphics.color,PDPattern,93,0,2,0,26,0,14,0,13,0
Apache PDFBox,org.apache.pdfbox.pdmodel.graphics.color,PDSeparation,493,0,30,0,106,0,32,0,17,0
Apache PDFBox,org.apache.pdfbox.pdmodel.graphics.color,PDDeviceRGB,37,44,0,0,5,8,5,4,5,4
Apache PDFBox,org.apache.pdfbox.pdmodel.graphics.color,PDGamma,80,0,0,0,20,0,10,0,10,0
Apache PDFBox,org.apache.pdfbox.pdmodel.graphics.color,PDJPXColorSpace,76,0,2,0,16,0,10,0,9,0
Apache PDFBox,org.apache.pdfbox.pdmodel.graphics.color,PDDeviceColorSpace,7,3,0,0,2,1,2,1,2,1
Apache PDFBox,org.apache.pdfbox.pdmodel.graphics.color,PDSpecialColorSpace,3,0,0,0,1,0,1,0,1,0
Apache PDFBox,org.apache.pdfbox.pdmodel.graphics.color,PDColor,251,25,26,2,58,7,25,2,11,2
Apache PDFBox,org.apache.pdfbox.pdmodel.graphics.color,PDDeviceNAttributes,196,0,12,0,50,0,15,0,9,0
Apache PDFBox,org.apache.pdfbox.pdmodel.graphics.color,PDCalGray,144,0,4,0,24,0,11,0,9,0
Apache PDFBox,org.apache.pdfbox.pdmodel.graphics.color,PDTristimulus,105,0,4,0,24,0,12,0,10,0
Apache PDFBox,org.apache.pdfbox.pdmodel.graphics.color,PDDeviceGray,129,0,4,0,24,0,11,0,9,0
Apache PDFBox,org.apache.pdfbox.pdmodel.graphics.color,PDColorSpace,399,9,84,0,96,2,49,1,7,1
Apache PDFBox,org.apache.pdfbox.pdmodel.graphics.color,PDDeviceNProcess,121,0,8,0,33,0,11,0,7,0
Apache PDFBox,org.apache.pdfbox.pdmodel.graphics.color,PDICCBased,735,0,78,0,176,0,69,0,28,0
Apache PDFBox,org.apache.pdfbox.pdmodel.graphics.color,PDCalRGB,426,0,10,0,64,0,16,0,11,0
Apache PDFBox,org.apache.pdfbox.pdmodel.graphics.color,PDIndexed,513,0,32,0,86,0,31,0,15,0
Apache PDFBox,org.apache.pdfbox.pdmodel.graphics.color,PDCIEDictionaryBasedColorSpace,204,0,18,0,51,0,19,0,10,0
Apache PDFBox,org.apache.pdfbox.pdmodel.graphics.color,PDOutputIntent,108,0,0,0,28,0,13,0,13,0
Apache PDFBox,org.apache.pdfbox.pdmodel.graphics.color,PDDeviceCMYK,363,0,20,0,66,0,22,0,12,0
Apache PDFBox,org.apache.pdfbox.pdmodel.graphics.color,PDDeviceN,934,0,78,0,196,0,63,0,24,0
Apache PDFBox,org.apache.pdfbox.pdmodel.graphics.color,PDLab,421,0,16,0,82,0,24,0,16,0
Apache PDFBox,org.apache.pdfbox.util,Hex,301,215,18,10,42,17,19,9,8,6
Apache PDFBox,org.apache.pdfbox.util,DateConverter,874,0,100,0,177,0,67,0,17,0
Apache PDFBox,org.apache.pdfbox.util,Matrix,1257,0,36,0,160,0,56,0,38,0
Apache PDFBox,org.apache.pdfbox.util,NumberFormatUtil,241,0,34,0,46,0,21,0,4,0
Apache PDFBox,org.apache.pdfbox.util,XMLUtil,78,0,4,0,21,0,5,0,3,0
Apache PDFBox,org.apache.pdfbox.util,Vector,33,0,0,0,8,0,5,0,5,0
Apache PDFBox,org.apache.pdfbox.util,StringUtil,19,0,0,0,4,0,4,0,4,0
Apache PDFBox,org.apache.pdfbox.util,IterativeMergeSort,157,0,20,0,30,0,13,0,3,0
Apache PDFBox,org.apache.pdfbox.util,Version,34,0,0,0,9,0,2,0,2,0
Apache PDFBox,org.apache.pdfbox.contentstream.operator.text,SetFontAndSize,71,0,8,0,22,0,8,0,4,0
Apache PDFBox,org.apache.pdfbox.contentstream.operator.text,NextLine,34,0,0,0,9,0,3,0,3,0
Apache PDFBox,org.apache.pdfbox.contentstream.operator.text,ShowTextLineAndSpace,41,0,2,0,10,0,4,0,3,0
Apache PDFBox,org.apache.pdfbox.contentstream.operator.text,SetTextRise,30,0,4,0,11,0,5,0,3,0
Apache PDFBox,org.apache.pdfbox.contentstream.operator.text,MoveTextSetLeading,53,0,4,0,15,0,5,0,3,0
Apache PDFBox,org.apache.pdfbox.contentstream.operator.text,SetTextLeading,35,0,4,0,11,0,5,0,3,0
Apache PDFBox,org.apache.pdfbox.contentstream.operator.text,SetTextRenderingMode,47,0,8,0,15,0,7,0,3,0
Apache PDFBox,org.apache.pdfbox.contentstream.operator.text,MoveText,78,0,8,0,23,0,8,0,4,0
Apache PDFBox,org.apache.pdfbox.contentstream.operator.text,SetTextHorizontalScaling,35,0,4,0,11,0,5,0,3,0
Apache PDFBox,org.apache.pdfbox.contentstream.operator.text,SetCharSpacing,36,0,4,0,11,0,5,0,3,0
Apache PDFBox,org.apache.pdfbox.contentstream.operator.text,SetWordSpacing,30,0,4,0,11,0,5,0,3,0
Apache PDFBox,org.apache.pdfbox.contentstream.operator.text,BeginText,22,0,0,0,8,0,3,0,3,0
Apache PDFBox,org.apache.pdfbox.contentstream.operator.text,ShowTextLine,18,0,0,0,7,0,3,0,3,0
Apache PDFBox,org.apache.pdfbox.contentstream.operator.text,ShowText,34,0,6,0,14,0,6,0,3,0
Apache PDFBox,org.apache.pdfbox.contentstream.operator.text,ShowTextAdjusted,33,0,6,0,14,0,6,0,3,0
Apache PDFBox,org.apache.pdfbox.contentstream.operator.text,EndText,18,0,0,0,8,0,3,0,3,0
Apache PDFBox,org.apache.pdfbox.contentstream,PDContentStream,3,0,0,0,1,0,1,0,1,0
Apache PDFBox,org.apache.pdfbox.contentstream,PDFStreamEngine,1196,0,100,0,327,0,108,0,58,0
Apache PDFBox,org.apache.pdfbox.contentstream,PDFGraphicsStreamEngine,399,0,0,0,69,0,2,0,2,0
Apache PDFBox,org.apache.pdfbox.pdmodel.interactive.digitalsignature,PDPropBuild,91,0,6,0,30,0,12,0,9,0
Apache PDFBox,org.apache.pdfbox.pdmodel.interactive.digitalsignature,PDSeedValueMDP,46,0,4,0,14,0,7,0,5,0
Apache PDFBox,org.apache.pdfbox.pdmodel.interactive.digitalsignature,PDSignature,391,0,22,0,94,0,41,0,30,0
Apache PDFBox,org.apache.pdfbox.pdmodel.interactive.digitalsignature,SignatureOptions,75,0,6,0,27,0,14,0,11,0
Apache PDFBox,org.apache.pdfbox.pdmodel.interactive.digitalsignature,SigningSupport,19,0,0,0,8,0,4,0,4,0
Apache PDFBox,org.apache.pdfbox.pdmodel.interactive.digitalsignature,PDPropBuildDataDict,164,0,6,0,44,0,24,0,21,0
Apache PDFBox,org.apache.pdfbox.pdmodel.interactive.digitalsignature,PDSeedValueCertificate,598,0,46,0,146,0,65,0,42,0
Apache PDFBox,org.apache.pdfbox.pdmodel.interactive.digitalsignature,COSFilterInputStream,216,0,20,0,35,0,19,0,9,0
Apache PDFBox,org.apache.pdfbox.pdmodel.interactive.digitalsignature,PDSeedValue,336,0,22,0,80,0,47,0,36,0
Apache PDFBox,org.apache.pdfbox.pdmodel.interactive.digitalsignature,PDSeedValueTimeStamp,56,0,4,0,15,0,9,0,7,0
Apache PDFBox,org.apache.pdfbox.pdmodel.graphics.optionalcontent,PDOptionalContentProperties.BaseState,44,0,2,0,11,0,5,0,4,0
Apache PDFBox,org.apache.pdfbox.pdmodel.graphics.optionalcontent,PDOptionalContentGroup.RenderState,37,0,2,0,10,0,5,0,4,0
Apache PDFBox,org.apache.pdfbox.pdmodel.graphics.optionalcontent,PDOptionalContentMembershipDictionary,109,0,12,0,28,0,12,0,6,0
Apache PDFBox,org.apache.pdfbox.pdmodel.graphics.optionalcontent,PDOptionalContentGroup,106,0,18,0,26,0,15,0,6,0
Apache PDFBox,org.apache.pdfbox.pdmodel.graphics.optionalcontent,PDOptionalContentProperties,551,0,80,0,151,0,57,0,17,0
Apache PDFBox,org.apache.pdfbox.contentstream.operator.color,SetColor,48,0,6,0,12,0,5,0,2,0
Apache PDFBox,org.apache.pdfbox.contentstream.operator.color,SetNonStrokingColor,22,0,0,0,7,0,5,0,5,0
Apache PDFBox,org.apache.pdfbox.contentstream.operator.color,SetNonStrokingDeviceGrayColor,27,0,2,0,10,0,4,0,3,0
Apache PDFBox,org.apache.pdfbox.contentstream.operator.color,SetStrokingDeviceGrayColor,27,0,2,0,10,0,4,0,3,0
Apache PDFBox,org.apache.pdfbox.contentstream.operator.color,SetNonStrokingDeviceCMYKColor,27,0,2,0,10,0,4,0,3,0
Apache PDFBox,org.apache.pdfbox.contentstream.operator.color,SetStrokingColorSpace,42,0,6,0,15,0,6,0,3,0
Apache PDFBox,org.apache.pdfbox.contentstream.operator.color,SetStrokingDeviceCMYKColor,27,0,2,0,10,0,4,0,3,0
Apache PDFBox,org.apache.pdfbox.contentstream.operator.color,SetStrokingColor,22,0,0,0,7,0,5,0,5,0
Apache PDFBox,org.apache.pdfbox.contentstream.operator.color,SetStrokingDeviceRGBColor,27,0,2,0,10,0,4,0,3,0
Apache PDFBox,org.apache.pdfbox.contentstream.operator.color,SetNonStrokingDeviceRGBColor,27,0,2,0,10,0,4,0,3,0
Apache PDFBox,org.apache.pdfbox.contentstream.operator.color,SetNonStrokingColorN,6,0,0,0,3,0,2,0,2,0
Apache PDFBox,org.apache.pdfbox.contentstream.operator.color,SetStrokingColorN,6,0,0,0,3,0,2,0,2,0
Apache PDFBox,org.apache.pdfbox.contentstream.operator.color,SetNonStrokingColorSpace,42,0,6,0,15,0,6,0,3,0
Apache PDFBox,org.apache.pdfbox.pdmodel.graphics.pattern,PDShadingPattern,68,0,8,0,22,0,11,0,7,0
Apache PDFBox,org.apache.pdfbox.pdmodel.graphics.pattern,PDAbstractPattern,111,0,5,0,29,0,12,0,9,0
Apache PDFBox,org.apache.pdfbox.pdmodel.graphics.pattern,PDTilingPattern,169,0,10,0,42,0,24,0,19,0
Apache PDFBox,org.apache.pdfbox.pdmodel.font,PDPanoseClassification,81,0,0,0,24,0,13,0,13,0
Apache PDFBox,org.apache.pdfbox.pdmodel.font,PDSimpleFont,503,0,106,0,125,0,74,0,21,0
Apache PDFBox,org.apache.pdfbox.pdmodel.font,FileSystemFontProvider.FSFontInfo,318,0,20,0,82,0,30,0,19,0
Apache PDFBox,org.apache.pdfbox.pdmodel.font,FontMappers,9,0,2,0,5,0,3,0,2,0
Apache PDFBox,org.apache.pdfbox.pdmodel.font,CMapManager,40,0,4,0,11,0,5,0,3,0
Apache PDFBox,org.apache.pdfbox.pdmodel.font,PDCIDFontType2Embedder.State,21,0,0,0,2,0,1,0,1,0
Apache PDFBox,org.apache.pdfbox.pdmodel.font,PDFontFactory.FontType,90,0,10,0,22,0,11,0,6,0
Apache PDFBox,org.apache.pdfbox.pdmodel.font,PDType1CFont,723,0,88,0,167,0,71,0,27,0
Apache PDFBox,org.apache.pdfbox.pdmodel.font,PDTrueTypeFont,1094,0,174,0,253,0,119,0,32,0
Apache PDFBox,org.apache.pdfbox.pdmodel.font,CIDFontMapping,18,0,2,0,5,0,4,0,3,0
Apache PDFBox,org.apache.pdfbox.pdmodel.font,FontInfo,66,0,12,0,22,0,15,0,4,0
Apache PDFBox,org.apache.pdfbox.pdmodel.font,PDCIDFont,639,0,72,0,144,0,55,0,19,0
Apache PDFBox,org.apache.pdfbox.pdmodel.font,TrueTypeEmbedder,617,0,55,0,135,0,40,0,12,0
Apache PDFBox,org.apache.pdfbox.pdmodel.font,PDCIDSystemInfo,55,0,0,0,14,0,7,0,7,0
Apache PDFBox,org.apache.pdfbox.pdmodel.font,UniUtil,21,0,4,0,6,0,4,0,1,0
Apache PDFBox,org.apache.pdfbox.pdmodel.font,Standard14Fonts,326,0,32,0,96,0,27,0,11,0
Apache PDFBox,org.apache.pdfbox.pdmodel.font,FontMapperImpl,1453,0,206,0,271,0,125,0,22,0
Apache PDFBox,org.apache.pdfbox.pdmodel.font,FontCache,32,0,2,0,6,0,4,0,3,0
Apache PDFBox,org.apache.pdfbox.pdmodel.font,CIDSystemInfo,29,0,0,0,9,0,5,0,5,0
Apache PDFBox,org.apache.pdfbox.pdmodel.font,FontFormat,21,0,0,0,4,0,1,0,1,0
Apache PDFBox,org.apache.pdfbox.pdmodel.font,PDPanose,31,0,0,0,6,0,3,0,3,0
Apache PDFBox,org.apache.pdfbox.pdmodel.font,FileSystemFontProvider,1323,0,128,0,295,0,86,0,22,0
Apache PDFBox,org.apache.pdfbox.pdmodel.font,PDType1FontEmbedder,262,0,10,0,59,0,11,0,6,0
Apache PDFBox,org.apache.pdfbox.pdmodel.font,PDCIDFontType2Embedder,1472,0,130,0,318,0,87,0,18,0
Apache PDFBox,org.apache.pdfbox.pdmodel.font,PDFontDescriptor,573,0,38,0,152,0,89,0,70,0
Apache PDFBox,org.apache.pdfbox.pdmodel.font,PDFontFactory,567,0,116,0,123,0,73,0,15,0
Apache PDFBox,org.apache.pdfbox.pdmodel.font,PDType3Font,465,0,76,0,116,0,65,0,27,0
Apache PDFBox,org.apache.pdfbox.pdmodel.font,PDMMType1Font,4,0,0,0,2,0,1,0,1,0
Apache PDFBox,org.apache.pdfbox.pdmodel.font,Standard14Fonts.FontName,115,0,0,0,20,0,4,0,4,0
Apache PDFBox,org.apache.pdfbox.pdmodel.font,ToUnicodeWriter,388,0,42,0,83,0,29,0,8,0
Apache PDFBox,org.apache.pdfbox.pdmodel.font,FontMappers.DefaultFontMapper,5,0,0,0,1,0,1,0,1,0
Apache PDFBox,org.apache.pdfbox.pdmodel.font,PDType0Font,706,0,100,0,166,0,100,0,50,0
Apache PDFBox,org.apache.pdfbox.pdmodel.font,FontMapperImpl.FontMatch,12,0,0,0,4,0,2,0,2,0
Apache PDFBox,org.apache.pdfbox.pdmodel.font,PDFont,761,0,110,0,185,0,85,0,30,0
Apache PDFBox,org.apache.pdfbox.pdmodel.font,PDType3CharProc,224,0,24,0,50,0,25,0,13,0
Apache PDFBox,org.apache.pdfbox.pdmodel.font,PDTrueTypeFontEmbedder,174,0,10,0,37,0,9,0,4,0
Apache PDFBox,org.apache.pdfbox.pdmodel.font,PDType1Font,1120,0,141,0,230,0,104,0,33,0
Apache PDFBox,org.apache.pdfbox.pdmodel.font,FontMapperImpl.DefaultFontProvider,6,0,0,0,1,0,1,0,1,0
Apache PDFBox,org.apache.pdfbox.pdmodel.font,FontProvider,3,0,0,0,1,0,1,0,1,0
Apache PDFBox,org.apache.pdfbox.pdmodel.font,FontMapping,15,0,0,0,6,0,3,0,3,0
Apache PDFBox,org.apache.pdfbox.pdmodel.font,PDCIDFontType2,745,0,128,0,174,0,86,0,22,0
Apache PDFBox,org.apache.pdfbox.pdmodel.font,PDCIDFontType0,635,0,86,0,145,0,66,0,23,0
Apache PDFBox,org.apache.pdfbox.pdmodel.interactive.pagenavigation,PDTransitionDirection.new PDTransitionDirection() {...},8,0,0,0,2,0,2,0,2,0
Apache PDFBox,org.apache.pdfbox.pdmodel.interactive.pagenavigation,PDTransitionDirection,58,0,0,0,10,0,3,0,3,0
Apache PDFBox,org.apache.pdfbox.pdmodel.interactive.pagenavigation,PDThread,67,0,6,0,18,0,10,0,7,0
Apache PDFBox,org.apache.pdfbox.pdmodel.interactive.pagenavigation,PDTransition,119,0,2,0,30,0,17,0,16,0
Apache PDFBox,org.apache.pdfbox.pdmodel.interactive.pagenavigation,PDThreadBead,132,0,6,0,34,0,17,0,14,0
Apache PDFBox,org.apache.pdfbox.pdmodel.interactive.pagenavigation,PDTransitionDimension,15,0,0,0,3,0,1,0,1,0
Apache PDFBox,org.apache.pdfbox.pdmodel.interactive.pagenavigation,PDTransitionMotion,15,0,0,0,3,0,1,0,1,0
Apache PDFBox,org.apache.pdfbox.pdmodel.interactive.pagenavigation,PDTransitionStyle,75,0,0,0,2,0,1,0,1,0
Apache PDFBox,org.apache.pdfbox.pdmodel.documentinterchange.taggedpdf,PDFourColours,110,0,8,0,32,0,17,0,13,0
Apache PDFBox,org.apache.pdfbox.pdmodel.documentinterchange.taggedpdf,PDStandardAttributeObject,533,0,46,0,123,0,48,0,25,0
Apache PDFBox,org.apache.pdfbox.pdmodel.documentinterchange.taggedpdf,PDTableAttributeObject,123,0,10,0,32,0,18,0,13,0
Apache PDFBox,org.apache.pdfbox.pdmodel.documentinterchange.taggedpdf,PDArtifactMarkedContent,70,0,8,0,16,0,13,0,9,0
Apache PDFBox,org.apache.pdfbox.pdmodel.documentinterchange.taggedpdf,PDExportFormatAttributeObject,144,0,12,0,37,0,21,0,15,0
Apache PDFBox,org.apache.pdfbox.pdmodel.documentinterchange.taggedpdf,PDListAttributeObject,41,0,2,0,12,0,6,0,5,0
Apache PDFBox,org.apache.pdfbox.pdmodel.documentinterchange.taggedpdf,PDLayoutAttributeObject,948,0,82,0,267,0,135,0,94,0
Apache PDFBox,org.apache.pdfbox.pdmodel.documentinterchange.taggedpdf,PDPrintFieldAttributeObject,81,0,6,0,22,0,12,0,9,0
Apache PDFBox,org.apache.pdfbox.pdmodel.documentinterchange.taggedpdf,StandardStructureTypes,46,0,4,0,11,0,3,0,1,0
Apache PDFBox,org.apache.pdfbox,Loader,168,38,0,0,38,7,18,4,18,4
Apache PDFBox,org.apache.pdfbox.pdmodel.interactive.action,OpenMode,21,0,0,0,4,0,1,0,1,0
Apache PDFBox,org.apache.pdfbox.pdmodel.interactive.action,PDDocumentCatalogAdditionalActions,107,0,10,0,27,0,18,0,13,0
Apache PDFBox,org.apache.pdfbox.pdmodel.interactive.action,PDActionSound,94,0,8,0,23,0,16,0,12,0
Apache PDFBox,org.apache.pdfbox.pdmodel.interactive.action,PDActionFactory,104,0,19,0,34,0,17,0,1,0
Apache PDFBox,org.apache.pdfbox.pdmodel.interactive.action,PDURIDictionary,28,0,0,0,10,0,5,0,5,0
Apache PDFBox,org.apache.pdfbox.pdmodel.interactive.action,PDActionImportData,22,0,0,0,8,0,4,0,4,0
Apache PDFBox,org.apache.pdfbox.pdmodel.interactive.action,PDFormFieldAdditionalActions,89,0,8,0,23,0,15,0,11,0
Apache PDFBox,org.apache.pdfbox.pdmodel.interactive.action,PDActionMovie,10,0,0,0,5,0,2,0,2,0
Apache PDFBox,org.apache.pdfbox.pdmodel.interactive.action,PDActionNamed,21,0,0,0,8,0,4,0,4,0
Apache PDFBox,org.apache.pdfbox.pdmodel.interactive.action,PDAdditionalActions,29,0,0,0,10,0,5,0,5,0
Apache PDFBox,org.apache.pdfbox.pdmodel.interactive.action,PDActionURI,90,0,12,0,20,0,12,0,6,0
Apache PDFBox,org.apache.pdfbox.pdmodel.interactive.action,PDActionResetForm,33,0,0,0,11,0,6,0,6,0
Apache PDFBox,org.apache.pdfbox.pdmodel.interactive.action,PDActionRemoteGoTo,84,0,10,0,27,0,14,0,8,0
Apache PDFBox,org.apache.pdfbox.pdmodel.interactive.action,PDActionSubmitForm,45,0,0,0,14,0,8,0,8,0
Apache PDFBox,org.apache.pdfbox.pdmodel.interactive.action,PDActionEmbeddedGoTo,129,0,18,0,38,0,20,0,10,0
Apache PDFBox,org.apache.pdfbox.pdmodel.interactive.action,PDActionJavaScript,43,0,4,0,16,0,7,0,5,0
Apache PDFBox,org.apache.pdfbox.pdmodel.interactive.action,PDWindowsLaunchParams,62,0,0,0,19,0,11,0,11,0
Apache PDFBox,org.apache.pdfbox.pdmodel.interactive.action,PDTargetDirectory,152,0,14,0,40,0,24,0,17,0
Apache PDFBox,org.apache.pdfbox.pdmodel.interactive.action,PDActionThread,44,0,0,0,14,0,8,0,8,0
Apache PDFBox,org.apache.pdfbox.pdmodel.interactive.action,PDAnnotationAdditionalActions,197,0,20,0,47,0,33,0,23,0
Apache PDFBox,org.apache.pdfbox.pdmodel.interactive.action,PDActionLaunch,137,0,12,0,40,0,23,0,16,0
Apache PDFBox,org.apache.pdfbox.pdmodel.interactive.action,PDActionHide,34,0,0,0,11,0,6,0,6,0
Apache PDFBox,org.apache.pdfbox.pdmodel.interactive.action,PDActionGoTo,46,0,6,0,15,0,7,0,4,0
Apache PDFBox,org.apache.pdfbox.pdmodel.interactive.action,PDPageAdditionalActions,53,0,4,0,15,0,9,0,7,0
Apache PDFBox,org.apache.pdfbox.pdmodel.interactive.action,PDAction,111,0,6,0,29,0,12,0,9,0
Apache PDFBox,org.apache.pdfbox.pdmodel.graphics.image,LosslessFactory.PredictorEncoder,1003,0,71,0,214,0,50,0,12,0
Apache PDFBox,org.apache.pdfbox.pdmodel.graphics.image,PDInlineImage,467,0,54,0,115,0,58,0,31,0
Apache PDFBox,org.apache.pdfbox.pdmodel.graphics.image,JPEGFactory,470,0,46,0,133,0,39,0,14,0
Apache PDFBox,org.apache.pdfbox.pdmodel.graphics.image,PNGConverter,1352,0,168,0,332,0,114,0,19,0
Apache PDFBox,org.apache.pdfbox.pdmodel.graphics.image,CCITTFactory,587,0,81,0,132,0,56,0,10,0
Apache PDFBox,org.apache.pdfbox.pdmodel.graphics.image,LosslessFactory,425,0,52,0,78,0,31,0,5,0
Apache PDFBox,org.apache.pdfbox.pdmodel.graphics.image,PNGConverter.MultipleInputStream,87,0,14,0,24,0,12,0,5,0
Apache PDFBox,org.apache.pdfbox.pdmodel.graphics.image,SampledImageReader,1528,0,200,0,314,0,112,0,12,0
Apache PDFBox,org.apache.pdfbox.pdmodel.graphics.image,PDImageXObject,1410,0,188,0,308,0,145,0,51,0
Apache PDFBox,org.apache.pdfbox.pdmodel.graphics.image,PNGConverter.PNGConverterState,8,0,0,0,2,0,1,0,1,0
Apache PDFBox,org.apache.pdfbox.pdmodel.graphics.image,PNGConverter.Chunk,14,0,0,0,2,0,2,0,2,0
Apache PDFBox,org.apache.pdfbox.rendering,TilingPaintFactory,64,0,4,0,15,0,5,0,3,0
Apache PDFBox,org.apache.pdfbox.rendering,TilingPaint,354,0,12,0,79,0,14,0,8,0
Apache PDFBox,org.apache.pdfbox.rendering,GlyphCache,145,0,12,0,33,0,10,0,4,0
Apache PDFBox,org.apache.pdfbox.rendering,TilingPaintFactory.TilingPaintParameter,204,0,40,0,40,0,24,0,4,0
Apache PDFBox,org.apache.pdfbox.rendering,SoftMask.SoftPaintContext,268,0,18,0,47,0,13,0,4,0
Apache PDFBox,org.apache.pdfbox.rendering,GroupGraphics,1218,0,54,0,249,0,101,0,74,0
Apache PDFBox,org.apache.pdfbox.rendering,RenderDestination,21,0,0,0,4,0,1,0,1,0
Apache PDFBox,org.apache.pdfbox.rendering,PageDrawer,3557,0,448,0,816,0,298,0,72,0
Apache PDFBox,org.apache.pdfbox.rendering,PDFRenderer,549,0,52,0,134,0,56,0,29,0
Apache PDFBox,org.apache.pdfbox.rendering,PageDrawer.TransparencyGroup,617,0,36,0,121,0,24,0,6,0
Apache PDFBox,org.apache.pdfbox.rendering,ImageType,33,0,0,0,6,0,1,0,1,0
Apache PDFBox,org.apache.pdfbox.rendering,ImageType.new ImageType() {...},7,0,0,0,2,0,2,0,2,0
Apache PDFBox,org.apache.pdfbox.rendering,PageDrawerParameters,39,0,0,0,14,0,7,0,7,0
Apache PDFBox,org.apache.pdfbox.rendering,SoftMask,86,0,4,0,21,0,6,0,4,0
Apache PDFBox,org.apache.pdfbox.rendering,ImageType.new ImageType() {...},7,0,0,0,2,0,2,0,2,0
Apache PDFBox,org.apache.pdfbox.rendering,ImageType.new ImageType() {...},7,0,0,0,2,0,2,0,2,0
Apache PDFBox,org.apache.pdfbox.rendering,ImageType.new ImageType() {...},7,0,0,0,2,0,2,0,2,0
Apache PDFBox,org.apache.pdfbox.rendering,ImageType.new ImageType() {...},7,0,0,0,2,0,2,0,2,0
Apache PDFBox,org.apache.pdfbox.util.filetypedetector,FileTypeDetector,571,0,4,0,35,0,5,0,3,0
Apache PDFBox,org.apache.pdfbox.util.filetypedetector,ByteTrie.ByteTrieNode,26,0,2,0,8,0,4,0,3,0
Apache PDFBox,org.apache.pdfbox.util.filetypedetector,ByteTrie,128,0,12,0,28,0,11,0,5,0
Apache PDFBox,org.apache.pdfbox.util.filetypedetector,FileType,105,0,0,0,18,0,1,0,1,0
Apache PDFBox,org.apache.pdfbox.pdmodel.graphics.form,PDFormXObject,221,0,16,0,55,0,29,0,21,0
Apache PDFBox,org.apache.pdfbox.pdmodel.graphics.form,PDTransparencyGroupAttributes,57,0,4,0,14,0,9,0,7,0
Apache PDFBox,org.apache.pdfbox.pdmodel.graphics.form,PDTransparencyGroup,13,0,0,0,6,0,3,0,3,0
Apache PDFBox,org.apache.pdfbox.pdmodel.interactive.annotation,PDAnnotationPolyline,181,0,24,0,48,0,25,0,13,0
Apache PDFBox,org.apache.pdfbox.pdmodel.interactive.annotation,PDAppearanceDictionary,104,0,6,0,26,0,15,0,12,0
Apache PDFBox,org.apache.pdfbox.pdmodel.interactive.annotation,PDExternalDataDictionary,39,0,0,0,12,0,6,0,6,0
Apache PDFBox,org.apache.pdfbox.pdmodel.interactive.annotation,PDAnnotationSquareCircle,115,0,6,0,27,0,14,0,11,0
Apache PDFBox,org.apache.pdfbox.pdmodel.interactive.annotation,PDAnnotationUnderline,32,0,2,0,14,0,6,0,5,0
Apache PDFBox,org.apache.pdfbox.pdmodel.interactive.annotation,PDAppearanceCharacteristicsDictionary,147,0,12,0,40,0,25,0,18,0
Apache PDFBox,org.apache.pdfbox.pdmodel.interactive.annotation,PDAnnotationStrikeout,32,0,2,0,14,0,6,0,5,0
Apache PDFBox,org.apache.pdfbox.pdmodel.interactive.annotation,PDAnnotationMarkup,183,0,12,0,46,0,30,0,24,0
Apache PDFBox,org.apache.pdfbox.pdmodel.interactive.annotation,PDAnnotationText,84,0,2,0,27,0,14,0,13,0
Apache PDFBox,org.apache.pdfbox.pdmodel.interactive.annotation,PDAnnotationFileAttachment,60,0,2,0,21,0,10,0,9,0
Apache PDFBox,org.apache.pdfbox.pdmodel.interactive.annotation,PDAnnotationCaret,90,0,4,0,26,0,10,0,8,0
Apache PDFBox,org.apache.pdfbox.pdmodel.interactive.annotation,PDAnnotationPolygon,130,0,12,0,37,0,18,0,12,0
Apache PDFBox,org.apache.pdfbox.pdmodel.interactive.annotation,PDAnnotationWidget,152,0,22,0,33,0,24,0,13,0
Apache PDFBox,org.apache.pdfbox.pdmodel.interactive.annotation,PDAnnotationSound,36,0,2,0,15,0,6,0,5,0
Apache PDFBox,org.apache.pdfbox.pdmodel.interactive.annotation,PDAnnotationRubberStamp,24,0,0,0,8,0,4,0,4,0
Apache PDFBox,org.apache.pdfbox.pdmodel.interactive.annotation,PDAnnotationTextMarkup,33,0,2,0,10,0,5,0,4,0
Apache PDFBox,org.apache.pdfbox.pdmodel.interactive.annotation,PDAnnotationHighlight,32,0,2,0,14,0,6,0,5,0
Apache PDFBox,org.apache.pdfbox.pdmodel.interactive.annotation,PDAnnotationSquiggly,32,0,2,0,14,0,6,0,5,0
Apache PDFBox,org.apache.pdfbox.pdmodel.interactive.annotation,PDBorderStyleDictionary,93,0,6,0,25,0,12,0,9,0
Apache PDFBox,org.apache.pdfbox.pdmodel.interactive.annotation,PDAppearanceEntry,83,0,10,0,19,0,11,0,6,0
Apache PDFBox,org.apache.pdfbox.pdmodel.interactive.annotation,PDAnnotationLink,137,0,10,0,37,0,22,0,17,0
Apache PDFBox,org.apache.pdfbox.pdmodel.interactive.annotation,PDAnnotationLine,350,0,32,0,78,0,43,0,27,0
Apache PDFBox,org.apache.pdfbox.pdmodel.interactive.annotation,PDAnnotationInk,117,0,12,0,33,0,13,0,7,0
Apache PDFBox,org.apache.pdfbox.pdmodel.interactive.annotation,PDAnnotationSquare,32,0,2,0,14,0,6,0,5,0
Apache PDFBox,org.apache.pdfbox.pdmodel.interactive.annotation,PDAnnotationFreeText,195,0,10,0,50,0,27,0,22,0
Apache PDFBox,org.apache.pdfbox.pdmodel.interactive.annotation,PDAnnotationCircle,32,0,2,0,14,0,6,0,5,0
Apache PDFBox,org.apache.pdfbox.pdmodel.interactive.annotation,PDAnnotation,659,0,68,0,170,0,102,0,58,0
Apache PDFBox,org.apache.pdfbox.pdmodel.interactive.annotation,PDBorderEffectDictionary,41,0,0,0,13,0,7,0,7,0
Apache PDFBox,org.apache.pdfbox.pdmodel.interactive.annotation,PDAnnotationUnknown,4,0,0,0,2,0,1,0,1,0
Apache PDFBox,org.apache.pdfbox.pdmodel.interactive.annotation,PDAnnotationPopup,63,0,2,0,21,0,8,0,7,0
Apache PDFBox,org.apache.pdfbox.pdmodel.interactive.annotation,PDAppearanceStream,8,0,0,0,4,0,2,0,2,0
Apache PDFBox,org.apache.pdfbox.multipdf,Overlay,1177,0,131,0,293,0,107,0,40,0
Apache PDFBox,org.apache.pdfbox.multipdf,PDFMergerUtility.AcroFormMergeMode,15,0,0,0,3,0,1,0,1,0
Apache PDFBox,org.apache.pdfbox.multipdf,Overlay.Position,15,0,0,0,2,0,1,0,1,0
Apache PDFBox,org.apache.pdfbox.multipdf,PDFMergerUtility,2278,0,346,0,578,0,227,0,54,0
Apache PDFBox,org.apache.pdfbox.multipdf,PageExtractor,91,0,2,0,24,0,8,0,7,0
Apache PDFBox,org.apache.pdfbox.multipdf,PDFCloneUtility,369,0,52,0,88,0,37,0,11,0
Apache PDFBox,org.apache.pdfbox.multipdf,Splitter,1134,0,138,0,289,0,92,0,23,0
Apache PDFBox,org.apache.pdfbox.multipdf,Overlay.LayoutPage,15,0,0,0,6,0,1,0,1,0
Apache PDFBox,org.apache.pdfbox.multipdf,LayerUtility,464,0,30,0,105,0,25,0,9,0
Apache PDFBox,org.apache.pdfbox.multipdf,PDFMergerUtility.DocumentMergeMode,15,0,0,0,3,0,1,0,1,0
Apache PDFBox,org.apache.pdfbox.multipdf,Splitter.KCloner,393,0,96,0,94,0,54,0,6,0
Apache PDFBox,org.apache.pdfbox.pdmodel.common.function,PDFunctionType0.Rinterpol,384,0,26,0,64,0,18,0,5,0
Apache PDFBox,org.apache.pdfbox.pdmodel.common.function,PDFunctionTypeIdentity,14,0,0,0,6,0,5,0,5,0
Apache PDFBox,org.apache.pdfbox.pdmodel.common.function,PDFunction,312,0,41,0,79,0,38,0,16,0
Apache PDFBox,org.apache.pdfbox.pdmodel.common.function,PDFunctionType2,121,0,6,0,25,0,10,0,7,0
Apache PDFBox,org.apache.pdfbox.pdmodel.common.function,PDFunctionType0,348,0,26,0,73,0,27,0,14,0
Apache PDFBox,org.apache.pdfbox.pdmodel.common.function,PDFunctionType4,113,0,6,0,23,0,7,0,4,0
Apache PDFBox,org.apache.pdfbox.pdmodel.common.function,PDFunctionType3,261,0,26,0,53,0,20,0,7,0
Apache PDFBox,org.apache.pdfbox.pdmodel.interactive.documentnavigation.destination,PDPageFitHeightDestination,65,0,4,0,18,0,8,0,6,0
Apache PDFBox,org.apache.pdfbox.pdmodel.interactive.documentnavigation.destination,PDPageDestination,137,0,20,0,42,0,19,0,9,0
Apache PDFBox,org.apache.pdfbox.pdmodel.interactive.documentnavigation.destination,PDPageFitRectangleDestination,112,0,8,0,30,0,14,0,10,0
Apache PDFBox,org.apache.pdfbox.pdmodel.interactive.documentnavigation.destination,PDPageFitWidthDestination,65,0,4,0,18,0,8,0,6,0
Apache PDFBox,org.apache.pdfbox.pdmodel.interactive.documentnavigation.destination,PDDestination,108,0,18,0,28,0,13,0,2,0
Apache PDFBox,org.apache.pdfbox.pdmodel.interactive.documentnavigation.destination,PDPageFitDestination,41,0,2,0,12,0,5,0,4,0
Apache PDFBox,org.apache.pdfbox.pdmodel.interactive.documentnavigation.destination,PDPageXYZDestination,101,0,8,0,27,0,12,0,8,0
Apache PDFBox,org.apache.pdfbox.pdmodel.interactive.documentnavigation.destination,PDNamedDestination,63,0,6,0,22,0,10,0,7,0
Apache PDFBox,org.apache.pdfbox.pdmodel.graphics.blend,BlendMode,969,0,48,0,160,0,48,0,24,0
Apache PDFBox,org.apache.pdfbox.pdmodel.graphics.blend,BlendComposite.BlendCompositeContext,439,0,44,0,89,0,25,0,3,0
Apache PDFBox,org.apache.pdfbox.pdmodel.graphics.blend,BlendComposite,63,0,8,0,17,0,8,0,4,0
Apache PDFBox,org.apache.pdfbox.pdmodel.interactive.viewerpreferences,PDViewerPreferences.READING_DIRECTION,15,0,0,0,3,0,1,0,1,0
Apache PDFBox,org.apache.pdfbox.pdmodel.interactive.viewerpreferences,PDViewerPreferences.BOUNDARY,33,0,0,0,6,0,1,0,1,0
Apache PDFBox,org.apache.pdfbox.pdmodel.interactive.viewerpreferences,PDViewerPreferences,199,0,0,0,50,0,31,0,31,0
Apache PDFBox,org.apache.pdfbox.pdmodel.interactive.viewerpreferences,PDViewerPreferences.PRINT_SCALING,15,0,0,0,3,0,1,0,1,0
Apache PDFBox,org.apache.pdfbox.pdmodel.interactive.viewerpreferences,PDViewerPreferences.NON_FULL_SCREEN_PAGE_MODE,27,0,0,0,5,0,1,0,1,0
Apache PDFBox,org.apache.pdfbox.pdmodel.interactive.viewerpreferences,PDViewerPreferences.DUPLEX,21,0,0,0,4,0,1,0,1,0
Apache PDFBox,org.apache.pdfbox.printing,Orientation,27,0,0,0,5,0,1,0,1,0
Apache PDFBox,org.apache.pdfbox.printing,Scaling,27,0,0,0,5,0,1,0,1,0
Apache PDFBox,org.apache.pdfbox.printing,PDFPrintable,424,0,36,0,96,0,32,0,14,0
Apache PDFBox,org.apache.pdfbox.printing,PDFPageable,221,0,11,0,57,0,19,0,12,0
Apache PDFBox,org.apache.pdfbox.pdmodel.fdf,FDFJavaScript,154,0,18,0,43,0,19,0,10,0
Apache PDFBox,org.apache.pdfbox.pdmodel.fdf,FDFAnnotationText,97,0,12,0,26,0,15,0,9,0
Apache PDFBox,org.apache.pdfbox.pdmodel.fdf,FDFAnnotationTextMarkup,64,0,8,0,20,0,9,0,5,0
Apache PDFBox,org.apache.pdfbox.pdmodel.fdf,FDFAnnotationCircle,109,0,14,0,28,0,15,0,8,0
Apache PDFBox,org.apache.pdfbox.pdmodel.fdf,FDFNamedPageReference,40,0,0,0,13,0,7,0,7,0
Apache PDFBox,org.apache.pdfbox.pdmodel.fdf,FDFAnnotationPolygon,130,0,14,0,35,0,16,0,9,0
Apache PDFBox,org.apache.pdfbox.pdmodel.fdf,FDFAnnotationFreeText,232,0,24,0,63,0,32,0,20,0
Apache PDFBox,org.apache.pdfbox.pdmodel.fdf,FDFTemplate,97,0,6,0,23,0,12,0,9,0
Apache PDFBox,org.apache.pdfbox.pdmodel.fdf,FDFAnnotationSquiggly,21,0,0,0,8,0,3,0,3,0
Apache PDFBox,org.apache.pdfbox.pdmodel.fdf,FDFAnnotationUnderline,21,0,0,0,8,0,3,0,3,0
Apache PDFBox,org.apache.pdfbox.pdmodel.fdf,FDFAnnotationStamp,890,0,74,0,193,0,66,0,20,0
Apache PDFBox,org.apache.pdfbox.pdmodel.fdf,FDFAnnotationCaret,93,0,12,0,27,0,14,0,8,0
Apache PDFBox,org.apache.pdfbox.pdmodel.fdf,FDFIconFit,99,0,6,0,33,0,14,0,11,0
Apache PDFBox,org.apache.pdfbox.pdmodel.fdf,FDFAnnotationHighlight,21,0,0,0,8,0,3,0,3,0
Apache PDFBox,org.apache.pdfbox.pdmodel.fdf,FDFPageInfo,17,0,0,0,7,0,3,0,3,0
Apache PDFBox,org.apache.pdfbox.pdmodel.fdf,FDFAnnotationLink,69,0,6,0,20,0,7,0,4,0
Apache PDFBox,org.apache.pdfbox.pdmodel.fdf,FDFField,834,0,106,0,228,0,103,0,47,0
Apache PDFBox,org.apache.pdfbox.pdmodel.fdf,FDFAnnotationLine,495,0,72,0,110,0,61,0,25,0
Apache PDFBox,org.apache.pdfbox.pdmodel.fdf,FDFAnnotationSound,21,0,0,0,8,0,3,0,3,0
Apache PDFBox,org.apache.pdfbox.pdmodel.fdf,FDFDictionary,707,0,67,0,180,0,75,0,32,0
Apache PDFBox,org.apache.pdfbox.pdmodel.fdf,FDFPage,87,0,6,0,23,0,10,0,7,0
Apache PDFBox,org.apache.pdfbox.pdmodel.fdf,FDFAnnotationStrikeOut,21,0,0,0,8,0,3,0,3,0
Apache PDFBox,org.apache.pdfbox.pdmodel.fdf,FDFAnnotationSquare,109,0,14,0,28,0,15,0,8,0
Apache PDFBox,org.apache.pdfbox.pdmodel.fdf,FDFAnnotation,1214,0,140,0,287,0,136,0,60,0
Apache PDFBox,org.apache.pdfbox.pdmodel.fdf,FDFAnnotationPolyline,256,0,34,0,65,0,31,0,14,0
Apache PDFBox,org.apache.pdfbox.pdmodel.fdf,FDFAnnotationInk,146,0,12,0,39,0,12,0,6,0
Apache PDFBox,org.apache.pdfbox.pdmodel.fdf,FDFCatalog,94,0,4,0,29,0,13,0,11,0
Apache PDFBox,org.apache.pdfbox.pdmodel.fdf,FDFDocument,212,0,12,0,64,0,21,0,15,0
Apache PDFBox,org.apache.pdfbox.pdmodel.fdf,FDFAnnotationFileAttachment,21,0,0,0,8,0,3,0,3,0
Apache PDFBox,org.apache.pdfbox.pdmodel.fdf,FDFOptionElement,66,0,0,0,16,0,8,0,8,0
Apache PDFBox,org.apache.pdfbox.pdmodel.encryption,ProtectionPolicy,39,0,6,0,11,0,8,0,5,0
Apache PDFBox,org.apache.pdfbox.pdmodel.encryption,StandardProtectionPolicy,39,0,0,0,16,0,7,0,7,0
Apache PDFBox,org.apache.pdfbox.pdmodel.encryption,SecurityHandlerFactory,120,0,6,0,29,0,9,0,6,0
Apache PDFBox,org.apache.pdfbox.pdmodel.encryption,SecurityHandler,853,0,92,0,208,0,83,0,37,0
Apache PDFBox,org.apache.pdfbox.pdmodel.encryption,PublicKeyProtectionPolicy,34,0,0,0,11,0,7,0,7,0
Apache PDFBox,org.apache.pdfbox.pdmodel.encryption,AccessPermission,358,0,46,0,91,0,51,0,28,0
Apache PDFBox,org.apache.pdfbox.pdmodel.encryption,SaslPrep,578,0,280,0,57,0,155,0,15,0
Apache PDFBox,org.apache.pdfbox.pdmodel.encryption,PublicKeyDecryptionMaterial,107,0,8,0,24,0,8,0,4,0
Apache PDFBox,org.apache.pdfbox.pdmodel.encryption,RC4Cipher,207,0,14,0,36,0,15,0,8,0
Apache PDFBox,org.apache.pdfbox.pdmodel.encryption,PublicKeySecurityHandler,955,0,69,0,226,0,44,0,9,0
Apache PDFBox,org.apache.pdfbox.pdmodel.encryption,InvalidPasswordException,4,0,0,0,2,0,1,0,1,0
Apache PDFBox,org.apache.pdfbox.pdmodel.encryption,DecryptionMaterial,3,0,0,0,1,0,1,0,1,0
Apache PDFBox,org.apache.pdfbox.pdmodel.encryption,StandardSecurityHandler,2302,0,218,0,462,0,146,0,36,0
Apache PDFBox,org.apache.pdfbox.pdmodel.encryption,PDCryptFilterDictionary,66,0,2,0,20,0,10,0,9,0
Apache PDFBox,org.apache.pdfbox.pdmodel.encryption,PDEncryption,468,0,38,0,122,0,62,0,43,0
Apache PDFBox,org.apache.pdfbox.pdmodel.encryption,MessageDigests,27,0,0,0,9,0,3,0,3,0
Apache PDFBox,org.apache.pdfbox.pdmodel.encryption,PublicKeyRecipient,17,0,0,0,7,0,5,0,5,0
Apache PDFBox,org.apache.pdfbox.pdmodel.encryption,StandardDecryptionMaterial,9,0,0,0,4,0,2,0,2,0
Apache PDFBox,org.apache.pdfbox.pdmodel.encryption,SecurityProvider,14,0,2,0,6,0,4,0,3,0
Apache PDFBox,org.apache.pdfbox.pdfparser.xref,ObjectStreamXReference,49,0,0,0,13,0,8,0,8,0
Apache PDFBox,org.apache.pdfbox.pdfparser.xref,XReferenceType,3,32,0,0,1,5,1,2,1,2
Apache PDFBox,org.apache.pdfbox.pdfparser.xref,NormalXReference,22,51,2,4,4,13,4,7,3,5
Apache PDFBox,org.apache.pdfbox.pdfparser.xref,FreeXReference,10,32,0,0,2,8,1,5,1,5
Apache PDFBox,org.apache.pdfbox.pdfparser.xref,AbstractXReference,12,20,3,3,4,6,5,2,2,2
Apache PDFBox,org.apache.pdfbox.pdmodel.interactive.measurement,PDMeasureDictionary,36,0,0,0,12,0,6,0,6,0
Apache PDFBox,org.apache.pdfbox.pdmodel.interactive.measurement,PDNumberFormatDictionary,181,0,16,0,49,0,32,0,24,0
Apache PDFBox,org.apache.pdfbox.pdmodel.interactive.measurement,PDRectlinearMeasureDictionary,435,0,38,0,99,0,39,0,20,0
Apache PDFBox,org.apache.pdfbox.pdmodel.interactive.measurement,PDViewportDictionary,70,0,4,0,19,0,12,0,10,0
Apache PDFBox,org.apache.pdfbox.pdmodel.graphics,PDPostScriptXObject,5,0,0,0,2,0,1,0,1,0
Apache PDFBox,org.apache.pdfbox.pdmodel.graphics,PDXObject,155,0,16,0,34,0,14,0,6,0
Apache PDFBox,org.apache.pdfbox.pdmodel.graphics,PDLineDashPattern,114,0,8,0,23,0,10,0,6,0
Apache PDFBox,org.apache.pdfbox.pdmodel.graphics,PDFontSetting,74,0,2,0,21,0,8,0,7,0
Apache PDFBox,org.apache.pdfbox.pdmodel.common.function.type4,ArithmeticOperators.IDiv,18,0,0,0,5,0,2,0,2,0
Apache PDFBox,org.apache.pdfbox.pdmodel.common.function.type4,ConditionalOperators.If,21,0,2,0,7,0,3,0,2,0
Apache PDFBox,org.apache.pdfbox.pdmodel.common.function.type4,BitwiseOperators.And,15,0,4,0,3,0,5,0,3,0
Apache PDFBox,org.apache.pdfbox.pdmodel.common.function.type4,ExecutionContext,34,0,0,0,9,0,6,0,6,0
Apache PDFBox,org.apache.pdfbox.pdmodel.common.function.type4,Parser.Tokenizer,277,0,42,0,81,0,35,0,12,0
Apache PDFBox,org.apache.pdfbox.pdmodel.common.function.type4,ArithmeticOperators.Mod,18,0,0,0,5,0,2,0,2,0
Apache PDFBox,org.apache.pdfbox.pdmodel.common.function.type4,ArithmeticOperators.Sub,58,0,8,0,13,0,6,0,2,0
Apache PDFBox,org.apache.pdfbox.pdmodel.common.function.type4,ArithmeticOperators.Cvi,14,0,0,0,4,0,2,0,2,0
Apache PDFBox,org.apache.pdfbox.pdmodel.common.function.type4,ArithmeticOperators.Cvr,14,0,0,0,4,0,2,0,2,0
Apache PDFBox,org.apache.pdfbox.pdmodel.common.function.type4,ArithmeticOperators.Atan,38,0,2,0,9,0,3,0,2,0
Apache PDFBox,org.apache.pdfbox.pdmodel.common.function.type4,BitwiseOperators.AbstractLogicalOperator,65,0,8,0,17,0,5,0,1,0
Apache PDFBox,org.apache.pdfbox.pdmodel.common.function.type4,InstructionSequence,99,0,10,0,28,0,12,0,7,0
Apache PDFBox,org.apache.pdfbox.pdmodel.common.function.type4,BitwiseOperators.Not,50,0,6,0,15,0,5,0,2,0
Apache PDFBox,org.apache.pdfbox.pdmodel.common.function.type4,ArithmeticOperators.Mul,59,0,8,0,12,0,6,0,2,0
Apache PDFBox,org.apache.pdfbox.pdmodel.common.function.type4,ArithmeticOperators.Truncate,27,0,2,0,6,0,3,0,2,0
Apache PDFBox,org.apache.pdfbox.pdmodel.common.function.type4,ConditionalOperators.IfElse,29,0,2,0,9,0,3,0,2,0
Apache PDFBox,org.apache.pdfbox.pdmodel.common.function.type4,RelationalOperators.AbstractNumberComparisonOperator,26,0,0,0,8,0,1,0,1,0
Apache PDFBox,org.apache.pdfbox.pdmodel.common.function.type4,RelationalOperators.Eq,52,0,6,0,14,0,6,0,3,0
Apache PDFBox,org.apache.pdfbox.pdmodel.common.function.type4,ArithmeticOperators.Log,16,0,0,0,4,0,2,0,2,0
Apache PDFBox,org.apache.pdfbox.pdmodel.common.function.type4,StackOperators.Index,33,0,2,0,8,0,3,0,2,0
Apache PDFBox,org.apache.pdfbox.pdmodel.common.function.type4,ArithmeticOperators.Round,27,0,2,0,6,0,3,0,2,0
Apache PDFBox,org.apache.pdfbox.pdmodel.common.function.type4,StackOperators.Dup,12,0,0,0,4,0,2,0,2,0
Apache PDFBox,org.apache.pdfbox.pdmodel.common.function.type4,ArithmeticOperators.Ln,16,0,0,0,4,0,2,0,2,0
Apache PDFBox,org.apache.pdfbox.pdmodel.common.function.type4,ArithmeticOperators.Add,58,0,8,0,12,0,6,0,2,0
Apache PDFBox,org.apache.pdfbox.pdmodel.common.function.type4,ArithmeticOperators.Sin,19,0,0,0,5,0,2,0,2,0
Apache PDFBox,org.apache.pdfbox.pdmodel.common.function.type4,RelationalOperators.Le,13,0,2,0,2,0,3,0,2,0
Apache PDFBox,org.apache.pdfbox.pdmodel.common.function.type4,Parser.AbstractSyntaxHandler,6,0,0,0,4,0,4,0,4,0
Apache PDFBox,org.apache.pdfbox.pdmodel.common.function.type4,InstructionSequenceBuilder,111,0,8,0,32,0,13,0,9,0
Apache PDFBox,org.apache.pdfbox.pdmodel.common.function.type4,RelationalOperators.Lt,13,0,2,0,2,0,3,0,2,0
Apache PDFBox,org.apache.pdfbox.pdmodel.common.function.type4,ArithmeticOperators.Sqrt,25,0,2,0,6,0,3,0,2,0
Apache PDFBox,org.apache.pdfbox.pdmodel.common.function.type4,RelationalOperators.Ne,14,0,2,0,3,0,3,0,2,0
Apache PDFBox,org.apache.pdfbox.pdmodel.common.function.type4,RelationalOperators.Ge,13,0,2,0,2,0,3,0,2,0
Apache PDFBox,org.apache.pdfbox.pdmodel.common.function.type4,RelationalOperators.Gt,13,0,2,0,2,0,3,0,2,0
Apache PDFBox,org.apache.pdfbox.pdmodel.common.function.type4,StackOperators.Copy,31,0,2,0,9,0,3,0,2,0
Apache PDFBox,org.apache.pdfbox.pdmodel.common.function.type4,ArithmeticOperators.Abs,27,0,2,0,6,0,3,0,2,0
Apache PDFBox,org.apache.pdfbox.pdmodel.common.function.type4,StackOperators.Pop,10,0,0,0,4,0,2,0,2,0
Apache PDFBox,org.apache.pdfbox.pdmodel.common.function.type4,ArithmeticOperators.Div,20,0,0,0,5,0,2,0,2,0
Apache PDFBox,org.apache.pdfbox.pdmodel.common.function.type4,BitwiseOperators.Bitshift,39,0,2,0,11,0,3,0,2,0
Apache PDFBox,org.apache.pdfbox.pdmodel.common.function.type4,BitwiseOperators.False,11,0,0,0,4,0,2,0,2,0
Apache PDFBox,org.apache.pdfbox.pdmodel.common.function.type4,ArithmeticOperators.Ceiling,25,0,2,0,6,0,3,0,2,0
Apache PDFBox,org.apache.pdfbox.pdmodel.common.function.type4,BitwiseOperators.True,11,0,0,0,4,0,2,0,2,0
Apache PDFBox,org.apache.pdfbox.pdmodel.common.function.type4,ArithmeticOperators.Exp,23,0,0,0,6,0,2,0,2,0
Apache PDFBox,org.apache.pdfbox.pdmodel.common.function.type4,Parser.State,27,0,0,0,2,0,1,0,1,0
Apache PDFBox,org.apache.pdfbox.pdmodel.common.function.type4,StackOperators.Roll,105,0,14,0,27,0,9,0,2,0
Apache PDFBox,org.apache.pdfbox.pdmodel.common.function.type4,BitwiseOperators.Xor,11,0,0,0,3,0,3,0,3,0
Apache PDFBox,org.apache.pdfbox.pdmodel.common.function.type4,ArithmeticOperators.Floor,25,0,2,0,6,0,3,0,2,0
Apache PDFBox,org.apache.pdfbox.pdmodel.common.function.type4,Operators,436,0,0,0,88,0,3,0,3,0
Apache PDFBox,org.apache.pdfbox.pdmodel.common.function.type4,StackOperators.Exch,21,0,0,0,7,0,2,0,2,0
Apache PDFBox,org.apache.pdfbox.pdmodel.common.function.type4,Parser,9,0,0,0,3,0,1,0,1,0
Apache PDFBox,org.apache.pdfbox.pdmodel.common.function.type4,BitwiseOperators.Or,15,0,4,0,3,0,5,0,3,0
Apache PDFBox,org.apache.pdfbox.pdmodel.common.function.type4,ArithmeticOperators.Cos,19,0,0,0,5,0,2,0,2,0
Apache PDFBox,org.apache.pdfbox.pdmodel.common.function.type4,ArithmeticOperators.Neg,42,0,4,0,10,0,4,0,2,0
Apache PDFBox,org.apache.pdfbox.pdmodel.interactive.annotation.handlers,PDSquigglyAppearanceHandler,374,0,14,0,73,0,13,0,6,0
Apache PDFBox,org.apache.pdfbox.pdmodel.interactive.annotation.handlers,PDHighlightAppearanceHandler,679,0,38,0,91,0,25,0,6,0
Apache PDFBox,org.apache.pdfbox.pdmodel.interactive.annotation.handlers,PDStrikeoutAppearanceHandler,422,0,20,0,64,0,16,0,6,0
Apache PDFBox,org.apache.pdfbox.pdmodel.interactive.annotation.handlers,PDSoundAppearanceHandler,12,0,0,0,7,0,5,0,5,0
Apache PDFBox,org.apache.pdfbox.pdmodel.interactive.annotation.handlers,AnnotationBorder,113,0,22,0,31,0,13,0,2,0
Apache PDFBox,org.apache.pdfbox.pdmodel.interactive.annotation.handlers,PDSquareAppearanceHandler,151,0,10,0,44,0,12,0,7,0
Apache PDFBox,org.apache.pdfbox.pdmodel.interactive.annotation.handlers,PDInkAppearanceHandler,245,0,20,0,54,0,16,0,6,0
Apache PDFBox,org.apache.pdfbox.pdmodel.interactive.annotation.handlers,PDCircleAppearanceHandler,237,0,10,0,57,0,12,0,7,0
Apache PDFBox,org.apache.pdfbox.pdmodel.interactive.annotation.handlers,PDLinkAppearanceHandler,285,0,26,0,66,0,20,0,7,0
Apache PDFBox,org.apache.pdfbox.pdmodel.interactive.annotation.handlers,CloudyBorder,2408,0,176,0,455,0,129,0,41,0
Apache PDFBox,org.apache.pdfbox.pdmodel.interactive.annotation.handlers,PDUnderlineAppearanceHandler,410,0,20,0,64,0,16,0,6,0
Apache PDFBox,org.apache.pdfbox.pdmodel.interactive.annotation.handlers,PDFreeTextAppearanceHandler,1037,0,102,0,225,0,61,0,8,0
Apache PDFBox,org.apache.pdfbox.pdmodel.interactive.annotation.handlers,PDCaretAppearanceHandler,159,0,2,0,38,0,7,0,6,0
Apache PDFBox,org.apache.pdfbox.pdmodel.interactive.annotation.handlers,PDLineAppearanceHandler,602,0,46,0,131,0,29,0,6,0
Apache PDFBox,org.apache.pdfbox.pdmodel.interactive.annotation.handlers,PDPolylineAppearanceHandler,480,0,38,0,92,0,25,0,6,0
Apache PDFBox,org.apache.pdfbox.pdmodel.interactive.annotation.handlers,PDTextAppearanceHandler,1742,0,33,0,402,0,47,0,21,0
Apache PDFBox,org.apache.pdfbox.pdmodel.interactive.annotation.handlers,PDFileAttachmentAppearanceHandler,1119,0,6,0,231,0,14,0,10,0
Apache PDFBox,org.apache.pdfbox.pdmodel.interactive.annotation.handlers,PDAbstractAppearanceHandler,816,0,46,0,150,0,55,0,29,0
Apache PDFBox,org.apache.pdfbox.pdmodel.interactive.annotation.handlers,PDPolygonAppearanceHandler,359,0,34,0,83,0,25,0,8,0
Apache PDFBox,org.apache.pdfbox.pdmodel.interactive.annotation.handlers,PDAppearanceHandler,7,0,0,0,4,0,1,0,1,0
Apache PDFBox,org.apache.pdfbox.pdmodel.common.filespecification,PDSimpleFileSpecification,29,0,0,0,10,0,5,0,5,0
Apache PDFBox,org.apache.pdfbox.pdmodel.common.filespecification,PDFileSpecification,37,0,6,0,9,0,5,0,2,0
Apache PDFBox,org.apache.pdfbox.pdmodel.common.filespecification,PDEmbeddedFile,217,0,24,0,53,0,32,0,20,0
Apache PDFBox,org.apache.pdfbox.pdmodel.common.filespecification,PDComplexFileSpecification,267,0,38,0,77,0,43,0,24,0
Apache PDFBox,org.apache.pdfbox.pdmodel.fixup.processor,AcroFormDefaultsProcessor,98,0,12,0,28,0,9,0,3,0
Apache PDFBox,org.apache.pdfbox.pdmodel.fixup.processor,AbstractProcessor,6,0,0,0,3,0,1,0,1,0
Apache PDFBox,org.apache.pdfbox.pdmodel.fixup.processor,AcroFormGenerateAppearancesProcessor,35,0,2,0,13,0,4,0,3,0
Apache PDFBox,org.apache.pdfbox.pdmodel.fixup.processor,AcroFormOrphanWidgetsProcessor,371,0,46,0,92,0,32,0,9,0
Apache PDFBox,org.apache.pdfbox.cos,COSName,52,1909,20,22,5,617,17,16,4,8
Apache PDFBox,org.apache.pdfbox.cos,COSBase,0,19,0,0,0,9,0,6,0,6
Apache PDFBox,org.apache.pdfbox.cos,UnmodifiableCOSDictionary,12,0,0,0,4,0,2,0,2,0
Apache PDFBox,org.apache.pdfbox.cos,COSInputStream,60,0,4,0,12,0,6,0,4,0
Apache PDFBox,org.apache.pdfbox.cos,COSString,240,116,38,10,46,27,31,8,8,7
Apache PDFBox,org.apache.pdfbox.cos,COSNull,34,0,0,0,7,0,4,0,4,0
Apache PDFBox,org.apache.pdfbox.cos,COSUpdateState,42,158,9,31,13,46,11,22,5,8
Apache PDFBox,org.apache.pdfbox.cos,COSArray,726,101,108,6,187,29,102,13,46,12
Apache PDFBox,org.apache.pdfbox.cos,COSStream,315,84,43,9,74,27,38,8,12,8
Apache PDFBox,org.apache.pdfbox.cos,COSUpdateInfo,13,0,0,0,4,0,3,0,3,0
Apache PDFBox,org.apache.pdfbox.cos,COSFloat,142,62,20,4,35,19,19,7,8,6
Apache PDFBox,org.apache.pdfbox.cos,COSDictionary,963,256,128,24,249,75,136,34,68,26
Apache PDFBox,org.apache.pdfbox.cos,COSNumber,54,52,17,9,12,12,11,5,0,3
Apache PDFBox,org.apache.pdfbox.cos,COSObject,53,94,5,5,14,27,7,11,4,9
Apache PDFBox,org.apache.pdfbox.cos,COSStream.new FilterOutputStream() {...},30,0,0,0,7,0,3,0,3,0
Apache PDFBox,org.apache.pdfbox.cos,COSStream.new FilterOutputStream() {...},30,0,0,0,7,0,3,0,3,0
Apache PDFBox,org.apache.pdfbox.cos,COSIncrement,367,0,92,0,88,0,59,0,13,0
Apache PDFBox,org.apache.pdfbox.cos,COSDocument,242,229,32,14,64,64,36,27,16,24
Apache PDFBox,org.apache.pdfbox.cos,COSBoolean,112,0,10,0,20,0,16,0,11,0
Apache PDFBox,org.apache.pdfbox.cos,COSInteger,30,102,4,8,4,26,6,13,4,9
Apache PDFBox,org.apache.pdfbox.cos,COSDocumentState,0,17,0,2,0,5,0,4,0,3
Apache PDFBox,org.apache.pdfbox.cos,COSObjectKey,20,83,4,6,4,17,6,11,2,10
Apache PDFBox,org.apache.pdfbox.cos,PDFDocEncoding,262,0,18,0,67,0,14,0,5,0
Apache PDFBox,org.apache.pdfbox.cos,COSOutputStream,132,0,14,0,33,0,13,0,6,0
Apache PDFBox,org.apache.pdfbox.contentstream.operator,DrawObject,73,0,12,0,24,0,10,0,4,0
Apache PDFBox,org.apache.pdfbox.contentstream.operator,OperatorProcessor,18,0,0,0,5,0,3,0,3,0
Apache PDFBox,org.apache.pdfbox.contentstream.operator,MissingOperandException,8,0,0,0,2,0,1,0,1,0
Apache PDFBox,org.apache.pdfbox.contentstream.operator,Operator,81,0,10,0,23,0,14,0,9,0
Apache PDFBox,org.apache.pdfbox.filter,ASCII85OutputStream,390,0,34,0,79,0,26,0,9,0
Apache PDFBox,org.apache.pdfbox.filter,CCITTFaxDecoderStream.Tree,143,0,24,0,35,0,15,0,3,0
Apache PDFBox,org.apache.pdfbox.filter,CCITTFaxEncoderStream.Code,9,0,0,0,4,0,1,0,1,0
Apache PDFBox,org.apache.pdfbox.filter,FlateFilterDecoderStream,244,0,30,0,66,0,26,0,11,0
Apache PDFBox,org.apache.pdfbox.filter,Predictor,575,0,57,0,90,0,36,0,5,0
Apache PDFBox,org.apache.pdfbox.filter,DecodeOptions.FinalDecodeOptions,32,0,0,0,9,0,7,0,7,0
Apache PDFBox,org.apache.pdfbox.filter,JBIG2Filter,169,0,14,0,45,0,13,0,6,0
Apache PDFBox,org.apache.pdfbox.filter,CCITTFaxFilter,284,0,32,0,60,0,21,0,5,0
Apache PDFBox,org.apache.pdfbox.filter,Predictor.PredictorOutputStream,190,0,16,0,47,0,15,0,7,0
Apache PDFBox,org.apache.pdfbox.filter,DCTFilter,528,0,50,0,128,0,38,0,12,0
Apache PDFBox,org.apache.pdfbox.filter,ASCII85InputStream,347,0,52,0,81,0,35,0,9,0
Apache PDFBox,org.apache.pdfbox.filter,LZWFilter,383,0,40,0,95,0,29,0,9,0
Apache PDFBox,org.apache.pdfbox.filter,CCITTFaxDecoderStream,2930,0,141,0,257,0,91,0,18,0
Apache PDFBox,org.apache.pdfbox.filter,IdentityFilter,21,0,0,0,7,0,3,0,3,0
Apache PDFBox,org.apache.pdfbox.filter,FlateFilter,50,0,0,0,14,0,3,0,3,0
Apache PDFBox,org.apache.pdfbox.filter,CCITTFaxEncoderStream,732,0,88,0,149,0,62,0,15,0
Apache PDFBox,org.apache.pdfbox.filter,RunLengthDecodeFilter,229,0,38,0,69,0,22,0,3,0
Apache PDFBox,org.apache.pdfbox.filter,CCITTFaxDecoderStream.Node,35,0,4,0,9,0,6,0,4,0
Apache PDFBox,org.apache.pdfbox.filter,FilterFactory,181,0,2,0,37,0,6,0,5,0
Apache PDFBox,org.apache.pdfbox.filter,CryptFilter,64,0,8,0,14,0,7,0,3,0
Apache PDFBox,org.apache.pdfbox.filter,MissingImageReaderException,4,0,0,0,2,0,1,0,1,0
Apache PDFBox,org.apache.pdfbox.filter,ASCIIHexFilter,1143,0,22,0,29,0,17,0,6,0
Apache PDFBox,org.apache.pdfbox.filter,ASCII85Filter,31,0,0,0,9,0,3,0,3,0
Apache PDFBox,org.apache.pdfbox.filter,JPXFilter,314,0,28,0,66,0,20,0,5,0
Apache PDFBox,org.apache.pdfbox.filter,Filter,283,0,48,0,75,0,33,0,9,0
Apache PDFBox,org.apache.pdfbox.filter,DecodeOptions,130,0,0,0,36,0,17,0,17,0
Apache PDFBox,org.apache.pdfbox.filter,DecodeResult,39,0,0,0,15,0,8,0,8,0
Apache PDFBox,org.apache.pdfbox.pdmodel.documentinterchange.logicalstructure,Revisions,88,0,4,0,18,0,9,0,7,0
Apache PDFBox,org.apache.pdfbox.pdmodel.documentinterchange.logicalstructure,PDDefaultAttributeObject,109,0,8,0,29,0,12,0,8,0
Apache PDFBox,org.apache.pdfbox.pdmodel.documentinterchange.logicalstructure,PDUserAttributeObject,88,0,6,0,26,0,11,0,8,0
Apache PDFBox,org.apache.pdfbox.pdmodel.documentinterchange.logicalstructure,PDUserProperty,176,0,22,0,50,0,26,0,15,0
Apache PDFBox,org.apache.pdfbox.pdmodel.documentinterchange.logicalstructure,PDParentTreeValue,20,0,0,0,8,0,4,0,4,0
Apache PDFBox,org.apache.pdfbox.pdmodel.documentinterchange.logicalstructure,PDAttributeObject,184,0,27,0,39,0,30,0,14,0
Apache PDFBox,org.apache.pdfbox.pdmodel.documentinterchange.logicalstructure,PDStructureTreeRoot,233,0,26,0,60,0,30,0,17,0
Apache PDFBox,org.apache.pdfbox.pdmodel.documentinterchange.logicalstructure,PDMarkInfo,53,0,0,0,16,0,9,0,9,0
Apache PDFBox,org.apache.pdfbox.pdmodel.documentinterchange.logicalstructure,PDObjectReference,100,0,12,0,34,0,15,0,9,0
Apache PDFBox,org.apache.pdfbox.pdmodel.documentinterchange.logicalstructure,PDStructureNode,424,0,74,0,123,0,56,0,18,0
Apache PDFBox,org.apache.pdfbox.pdmodel.documentinterchange.logicalstructure,PDMarkedContentReference,64,0,4,0,18,0,10,0,8,0
Apache PDFBox,org.apache.pdfbox.pdmodel.documentinterchange.logicalstructure,PDStructureElement,817,0,98,0,225,0,94,0,45,0
Apache PDFBox,org.apache.pdfbox.pdmodel.font.encoding,StandardEncoding,2128,0,2,0,157,0,5,0,4,0
Apache PDFBox,org.apache.pdfbox.pdmodel.font.encoding,MacExpertEncoding,2352,0,2,0,173,0,5,0,4,0
Apache PDFBox,org.apache.pdfbox.pdmodel.font.encoding,ZapfDingbatsEncoding,2675,0,2,0,196,0,5,0,4,0
Apache PDFBox,org.apache.pdfbox.pdmodel.font.encoding,MacRomanEncoding,2954,0,2,0,216,0,5,0,4,0
Apache PDFBox,org.apache.pdfbox.pdmodel.font.encoding,SymbolEncoding,2689,0,2,0,197,0,5,0,4,0
Apache PDFBox,org.apache.pdfbox.pdmodel.font.encoding,GlyphList,366,0,54,0,81,0,37,0,10,0
Apache PDFBox,org.apache.pdfbox.pdmodel.font.encoding,WinAnsiEncoding,3111,0,6,0,229,0,7,0,4,0
Apache PDFBox,org.apache.pdfbox.pdmodel.font.encoding,MacOSRomanEncoding,264,0,2,0,23,0,4,0,3,0
Apache PDFBox,org.apache.pdfbox.pdmodel.font.encoding,Type1Encoding,44,0,2,0,13,0,6,0,5,0
Apache PDFBox,org.apache.pdfbox.pdmodel.font.encoding,Encoding,124,0,14,0,28,0,16,0,9,0
Apache PDFBox,org.apache.pdfbox.pdmodel.font.encoding,BuiltInEncoding,14,0,0,0,5,0,3,0,3,0
Apache PDFBox,org.apache.pdfbox.pdmodel.font.encoding,DictionaryEncoding,246,0,26,0,66,0,22,0,9,0
Apache PDFBox,org.apache.pdfbox.contentstream.operator.graphics,CloseAndStrokePath,18,0,0,0,7,0,3,0,3,0
Apache PDFBox,org.apache.pdfbox.contentstream.operator.graphics,ClipNonZeroRule,11,0,0,0,5,0,3,0,3,0
Apache PDFBox,org.apache.pdfbox.contentstream.operator.graphics,BeginInlineImage,42,0,10,0,15,0,8,0,3,0
Apache PDFBox,org.apache.pdfbox.contentstream.operator.graphics,ShadingFill,35,0,4,0,10,0,5,0,3,0
Apache PDFBox,org.apache.pdfbox.contentstream.operator.graphics,EndPath,10,0,0,0,5,0,3,0,3,0
Apache PDFBox,org.apache.pdfbox.contentstream.operator.graphics,CurveToReplicateFinalPoint,99,0,6,0,21,0,7,0,4,0
Apache PDFBox,org.apache.pdfbox.contentstream.operator.graphics,AppendRectangleToPath,88,0,4,0,22,0,5,0,3,0
Apache PDFBox,org.apache.pdfbox.contentstream.operator.graphics,DrawObject,93,0,18,0,30,0,13,0,4,0
Apache PDFBox,org.apache.pdfbox.contentstream.operator.graphics,MoveTo,57,0,6,0,17,0,6,0,3,0
Apache PDFBox,org.apache.pdfbox.contentstream.operator.graphics,StrokePath,10,0,0,0,5,0,3,0,3,0
Apache PDFBox,org.apache.pdfbox.contentstream.operator.graphics,CurveToReplicateInitialPoint,101,0,6,0,21,0,7,0,4,0
Apache PDFBox,org.apache.pdfbox.contentstream.operator.graphics,LineTo,80,0,8,0,21,0,8,0,4,0
Apache PDFBox,org.apache.pdfbox.contentstream.operator.graphics,ClipEvenOddRule,11,0,0,0,5,0,3,0,3,0
Apache PDFBox,org.apache.pdfbox.contentstream.operator.graphics,GraphicsOperatorProcessor,8,0,0,0,3,0,2,0,2,0
Apache PDFBox,org.apache.pdfbox.contentstream.operator.graphics,ClosePath,23,0,2,0,10,0,5,0,4,0
Apache PDFBox,org.apache.pdfbox.contentstream.operator.graphics,FillNonZeroRule,11,0,0,0,5,0,3,0,3,0
Apache PDFBox,org.apache.pdfbox.contentstream.operator.graphics,CurveTo,114,0,6,0,23,0,7,0,4,0
Apache PDFBox,org.apache.pdfbox.contentstream.operator.graphics,CloseFillNonZeroAndStrokePath,18,0,0,0,7,0,3,0,3,0
Apache PDFBox,org.apache.pdfbox.contentstream.operator.graphics,FillNonZeroAndStrokePath,11,0,0,0,5,0,3,0,3,0
Apache PDFBox,org.apache.pdfbox.contentstream.operator.graphics,LegacyFillNonZeroRule,6,0,0,0,3,0,2,0,2,0
Apache PDFBox,org.apache.pdfbox.contentstream.operator.graphics,FillEvenOddAndStrokePath,11,0,0,0,5,0,3,0,3,0
Apache PDFBox,org.apache.pdfbox.contentstream.operator.graphics,FillEvenOddRule,11,0,0,0,5,0,3,0,3,0
Apache PDFBox,org.apache.pdfbox.contentstream.operator.graphics,CloseFillEvenOddAndStrokePath,18,0,0,0,7,0,3,0,3,0
Apache PDFBox,org.apache.pdfbox.pdmodel.interactive.documentnavigation.outline,PDOutlineNode,263,0,30,0,79,0,41,0,26,0
Apache PDFBox,org.apache.pdfbox.pdmodel.interactive.documentnavigation.outline,PDDocumentOutline,23,0,0,0,9,0,5,0,5,0
Apache PDFBox,org.apache.pdfbox.pdmodel.interactive.documentnavigation.outline,PDOutlineItem,338,0,30,0,96,0,40,0,25,0
Apache PDFBox,org.apache.pdfbox.pdmodel.interactive.documentnavigation.outline,PDOutlineItemIterator,58,0,12,0,16,0,10,0,4,0
